Central,Semana,Temporada,Caudal_m3s
1,1,1,91.1
1,1,2,3.2411158228911745
1,1,3,91.1
1,1,4,12.906183192663924
1,1,5,81.97800330303878
1,2,1,78.62599792475103
1,2,2,74.67377296290161
1,2,3,79.46497920094708
1,2,4,0.0
1,2,5,21.675757935721933
1,3,1,91.1
1,3,2,5.272825338734975
1,3,3,87.4738253729491
1,3,4,83.94844970564301
1,3,5,79.05435007452988
1,4,1,91.1
1,4,2,85.13332149786527
1,4,3,91.1
1,4,4,91.1
1,4,5,26.317213588445675
1,5,1,0.0
1,5,2,0.0
1,5,3,0.0
1,5,4,67.05608611409194
1,5,5,0.0
1,6,1,43.88965061088305
1,6,2,0.0
1,6,3,55.709170249988
1,6,4,51.33729676916343
1,6,5,56.63969139706329
1,7,1,0.0
1,7,2,59.36734034915689
1,7,3,0.0
1,7,4,27.176037712323712
1,7,5,0.0
1,8,1,0.0
1,8,2,0.0
1,8,3,54.50260382649258
1,8,4,0.0
1,8,5,54.90523912698042
1,9,1,0.0
1,9,2,4.489640457369973
1,9,3,0.0
1,9,4,51.839324162344994
1,9,5,0.0
1,10,1,8.511307370741385
1,10,2,0.0
1,10,3,0.0
1,10,4,0.0
1,10,5,0.0
1,11,1,0.0
1,11,2,0.0
1,11,3,0.0
1,11,4,0.0
1,11,5,30.17992566604959
1,12,1,0.0
1,12,2,0.0
1,12,3,0.0
1,12,4,0.0
1,12,5,0.0
1,13,1,0.0
1,13,2,0.0
1,13,3,0.0
1,13,4,0.0
1,13,5,0.0
1,14,1,44.29392859802173
1,14,2,0.0
1,14,3,0.0
1,14,4,0.0
1,14,5,28.701375714915592
1,15,1,0.0
1,15,2,19.73570932138111
1,15,3,0.0
1,15,4,0.0
1,15,5,0.0
1,16,1,45.58144448007032
1,16,2,9.620907269169699
1,16,3,0.0
1,16,4,0.0
1,16,5,0.0
1,17,1,0.0
1,17,2,0.0
1,17,3,14.568619678532706
1,17,4,25.64589763241917
1,17,5,18.246500654732984
1,18,1,0.0
1,18,2,0.0
1,18,3,0.0
1,18,4,0.0
1,18,5,0.0
1,19,1,22.449102689443748
1,19,2,0.0
1,19,3,22.100085295709192
1,19,4,0.0
1,19,5,0.0
1,20,1,0.0
1,20,2,0.0
1,20,3,0.0
1,20,4,35.59311053561742
1,20,5,0.0
1,21,1,18.804442817940824
1,21,2,34.601229188967054
1,21,3,57.317263590566355
1,21,4,32.136241047222825
1,21,5,0.0
1,22,1,50.66495117794615
1,22,2,28.958169451954483
1,22,3,12.356227538565335
1,22,4,0.0
1,22,5,54.36541085973777
1,23,1,0.0
1,23,2,0.0
1,23,3,0.0
1,23,4,8.403494660189153
1,23,5,0.0
1,24,1,0.0
1,24,2,0.0
1,24,3,40.93029453044364
1,24,4,0.0
1,24,5,51.055752928071655
1,25,1,13.48938726861001
1,25,2,15.167969511955825
1,25,3,38.03020042150743
1,25,4,0.0
1,25,5,0.0
1,26,1,29.95689903043712
1,26,2,0.0
1,26,3,0.0
1,26,4,57.418561129159585
1,26,5,12.834054037932212
1,27,1,59.09187797192759
1,27,2,53.79424641666209
1,27,3,47.62851061152172
1,27,4,39.86704369824418
1,27,5,30.229400118001223
1,28,1,11.428141818442029
1,28,2,0.0
1,28,3,0.0
1,28,4,0.0
1,28,5,0.0
1,29,1,0.0
1,29,2,0.0
1,29,3,3.885481347082063
1,29,4,10.387227037354087
1,29,5,0.0
1,30,1,47.111069063597384
1,30,2,63.208891917021425
1,30,3,29.367119760411747
1,30,4,44.71811964479443
1,30,5,34.579800899734025
1,31,1,0.0
1,31,2,0.0
1,31,3,0.0
1,31,4,46.77960472073585
1,31,5,43.681384572555714
1,32,1,0.0
1,32,2,6.981501181776096
1,32,3,0.0
1,32,4,0.0
1,32,5,65.77733443439887
1,33,1,0.0
1,33,2,74.98712613102148
1,33,3,31.068340640563918
1,33,4,34.80984568674929
1,33,5,0.0
1,34,1,48.40605700655177
1,34,2,56.10679825587498
1,34,3,66.80679712785582
1,34,4,0.0
1,34,5,41.00386461022492
1,35,1,73.39705695259717
1,35,2,70.02234662912771
1,35,3,63.5410416731824
1,35,4,25.573708051138603
1,35,5,70.94745870312718
1,36,1,29.455186225370475
1,36,2,68.14956616017632
1,36,3,66.42968010312383
1,36,4,71.64781882442813
1,36,5,19.570931322060446
1,37,1,58.64955500644702
1,37,2,60.13385663630503
1,37,3,69.2300600845984
1,37,4,91.1
1,37,5,90.4451877405831
1,38,1,78.7806869190544
1,38,2,91.1
1,38,3,64.05575069984258
1,38,4,59.52775804391
1,38,5,74.11055273718311
1,39,1,85.30162574603222
1,39,2,89.26676074499247
1,39,3,73.62902435177645
1,39,4,87.96373688203315
1,39,5,90.61044293851324
1,40,1,83.17159975838031
1,40,2,53.79968053291549
1,40,3,87.73286844515525
1,40,4,85.5758905456394
1,40,5,0.0
1,41,1,76.12519622087112
1,41,2,90.72784532753906
1,41,3,91.1
1,41,4,1.9113720859837358
1,41,5,81.26715674941569
1,42,1,81.35105889478922
1,42,2,91.1
1,42,3,90.67306318313257
1,42,4,90.18972200215327
1,42,5,85.51340957570285
1,43,1,42.465934891890846
1,43,2,91.1
1,43,3,52.09613925288301
1,43,4,91.1
1,43,5,91.1
1,44,1,91.1
1,44,2,91.1
1,44,3,91.1
1,44,4,91.1
1,44,5,91.1
1,45,1,0.0
1,45,2,91.1
1,45,3,80.17744545568132
1,45,4,91.1
1,45,5,25.306634288613026
1,46,1,86.51700082521417
1,46,2,81.5509179240922
1,46,3,90.37468217891437
1,46,4,90.44588998419829
1,46,5,45.47516220160569
1,47,1,44.88768070069749
1,47,2,91.1
1,47,3,91.1
1,47,4,34.93466095183727
1,47,5,45.870434178645404
1,48,1,86.59607895191688
1,48,2,91.1
1,48,3,91.1
1,48,4,83.66273062395686
1,48,5,29.930489421682047
2,1,1,49.45634035100025
2,1,2,48.89331816474977
2,1,3,48.04074994657233
2,1,4,47.427491802233554
2,1,5,57.69923624039223
2,2,1,69.70982661968063
2,2,2,49.866846796632075
2,2,3,61.26128706350406
2,2,4,49.809581496965606
2,2,5,47.31791238384163
2,3,1,50.31144460601032
2,3,2,48.41064562714104
2,3,3,51.18509702020803
2,3,4,65.02789730139003
2,3,5,48.12867808206697
2,4,1,50.87987724254522
2,4,2,54.31127698615484
2,4,3,61.14053001545565
2,4,4,55.638013697141645
2,4,5,47.51986171681862
2,5,1,47.410669046241445
2,5,2,51.573933423565144
2,5,3,48.04849080857978
2,5,4,47.48650711483779
2,5,5,54.86903034474132
2,6,1,48.25934664910503
2,6,2,64.63183545539516
2,6,3,48.14701744247541
2,6,4,47.76563032071786
2,6,5,48.88413576892603
2,7,1,54.16138021098551
2,7,2,50.89912555234041
2,7,3,77.5
2,7,4,50.32713796373206
2,7,5,49.11154805185153
2,8,1,74.389238067637
2,8,2,54.48515243481398
2,8,3,48.7880301604558
2,8,4,51.512266245395395
2,8,5,51.38321517608367
2,9,1,49.312784266012486
2,9,2,50.44191291529308
2,9,3,47.762716693799064
2,9,4,48.981975122868505
2,9,5,51.442020326560126
2,10,1,48.894141278932565
2,10,2,48.32675471468164
2,10,3,50.05451589084116
2,10,4,49.00007311727566
2,10,5,47.870049617950706
2,11,1,48.09512463939945
2,11,2,52.069433755316524
2,11,3,50.8110322960232
2,11,4,51.65859170033422
2,11,5,49.68622933293047
2,12,1,48.04987169657204
2,12,2,48.84388411420386
2,12,3,49.99924115944617
2,12,4,52.84850853881407
2,12,5,47.85337802052484
2,13,1,47.76630580674949
2,13,2,57.77113823662813
2,13,3,52.92194122140675
2,13,4,49.101382456978556
2,13,5,50.29844137191547
2,14,1,49.79927468374547
2,14,2,51.51694225022371
2,14,3,49.6415171888716
2,14,4,48.71565006676616
2,14,5,52.16658564609816
2,15,1,58.078076368529494
2,15,2,52.18405246529633
2,15,3,50.96215620358247
2,15,4,50.33926796902339
2,15,5,49.377743655747544
2,16,1,50.01852856566765
2,16,2,51.75418873487213
2,16,3,54.466569604067665
2,16,4,54.65836353083706
2,16,5,51.19113624227479
2,17,1,51.21770884136229
2,17,2,50.8789631399575
2,17,3,52.3565355884843
2,17,4,50.869025459873974
2,17,5,50.90864231753386
2,18,1,49.18444256971262
2,18,2,49.15308828203645
2,18,3,49.42081309411654
2,18,4,51.262514915457835
2,18,5,50.058394821146706
2,19,1,64.02707964865625
2,19,2,51.91549931512219
2,19,3,56.603166408846846
2,19,4,56.14646938242891
2,19,5,52.01881587228072
2,20,1,50.92701825324358
2,20,2,49.3298924075305
2,20,3,49.79150280222619
2,20,4,53.7124471427959
2,20,5,51.743454415444745
2,21,1,49.434381922901835
2,21,2,50.18985712203761
2,21,3,51.45280383319785
2,21,4,50.68496082916333
2,21,5,50.12949615290124
2,22,1,50.61461249807623
2,22,2,47.83774578967871
2,22,3,50.78177718135814
2,22,4,48.9416014009752
2,22,5,51.68338911779605
2,23,1,51.2460716184874
2,23,2,52.81577310256693
2,23,3,52.844965548202275
2,23,4,56.56225113071521
2,23,5,48.4363378485054
2,24,1,51.05736668213021
2,24,2,48.71908911121215
2,24,3,52.350491992259286
2,24,4,50.983478961150766
2,24,5,50.47610574684242
2,25,1,51.54989572338703
2,25,2,49.42804191965087
2,25,3,56.65321352425585
2,25,4,50.56710562872012
2,25,5,51.155646852963464
2,26,1,51.21347158636069
2,26,2,53.60049130786641
2,26,3,49.6637003617531
2,26,4,53.34020164246458
2,26,5,50.56691295214224
2,27,1,51.14842983563851
2,27,2,53.65644487648086
2,27,3,51.504038910229085
2,27,4,53.081057289247745
2,27,5,53.11982802365179
2,28,1,51.59934488671492
2,28,2,52.836864922405645
2,28,3,51.35249051149242
2,28,4,52.263664942020405
2,28,5,53.44140049314003
2,29,1,50.75151720118825
2,29,2,53.51116715866176
2,29,3,53.20354947422122
2,29,4,50.04075026380844
2,29,5,51.07677311910839
2,30,1,50.999036203604064
2,30,2,51.41386783939999
2,30,3,50.598216683258464
2,30,4,54.67057193207806
2,30,5,55.051620249144335
2,31,1,50.74823532584805
2,31,2,50.22063854051493
2,31,3,52.16585987166222
2,31,4,56.011605117485146
2,31,5,59.67700273211963
2,32,1,50.66028641306047
2,32,2,48.77346196330845
2,32,3,49.533196309790476
2,32,4,49.21648864615591
2,32,5,52.99967521516153
2,33,1,52.38848592467023
2,33,2,52.72163897646308
2,33,3,56.023538487138524
2,33,4,58.61167719144583
2,33,5,54.83007460087781
2,34,1,54.060528178678545
2,34,2,49.31421312696173
2,34,3,50.767953537199155
2,34,4,56.80131832919855
2,34,5,50.69063244128412
2,35,1,54.081331045002585
2,35,2,51.57492821298925
2,35,3,53.13538229417566
2,35,4,49.938552263178785
2,35,5,53.08090333154819
2,36,1,50.130705489019114
2,36,2,51.61248722959364
2,36,3,51.108763306407
2,36,4,54.07817944444153
2,36,5,53.029643286943354
2,37,1,48.56091498469955
2,37,2,49.7330027137621
2,37,3,50.027449026064275
2,37,4,53.59395173599559
2,37,5,50.28747037290685
2,38,1,49.06668058971313
2,38,2,48.75580107013293
2,38,3,53.060432640243555
2,38,4,48.15388096030834
2,38,5,54.35875217380131
2,39,1,48.82682219991518
2,39,2,49.889994371294335
2,39,3,48.94896047998711
2,39,4,49.23352533632937
2,39,5,50.26692950957829
2,40,1,50.15441370525677
2,40,2,48.50944814809078
2,40,3,49.74103716478473
2,40,4,50.57610521351901
2,40,5,51.32744730348895
2,41,1,47.79905967421259
2,41,2,49.53195269896514
2,41,3,47.792485972905325
2,41,4,49.47764505661151
2,41,5,49.62393168185902
2,42,1,52.333450874384084
2,42,2,53.780167834592106
2,42,3,48.68727556975481
2,42,4,51.22301707995214
2,42,5,52.43050190946222
2,43,1,49.04440370639433
2,43,2,52.06442080548877
2,43,3,50.46277437065455
2,43,4,49.71213306006989
2,43,5,50.4747701923729
2,44,1,48.07326346267248
2,44,2,50.2643230345859
2,44,3,48.72541242232459
2,44,4,50.037041734813535
2,44,5,49.29308865915247
2,45,1,50.688463576933394
2,45,2,56.120730053268495
2,45,3,50.138121115559336
2,45,4,54.5288192204072
2,45,5,47.991231469688145
2,46,1,58.02845990082651
2,46,2,47.93987468008522
2,46,3,47.73764115546406
2,46,4,48.97534192767182
2,46,5,48.66528618276126
2,47,1,47.33651318312084
2,47,2,47.59243469012804
2,47,3,47.02745466344104
2,47,4,47.44856128197662
2,47,5,48.061139775014446
2,48,1,57.29933638052016
2,48,2,51.80478520914957
2,48,3,50.278098335996134
2,48,4,66.98636639398094
2,48,5,47.41082244138642
3,1,1,150.6773629577466
3,1,2,74.64900826440291
3,1,3,147.70396877214202
3,1,4,67.9147590223267
3,1,5,153.84654585181775
3,2,1,156.84126121943333
3,2,2,147.91487214049357
3,2,3,159.14715007350244
3,2,4,60.23842253222622
3,2,5,89.008529720057
3,3,1,152.2693388422252
3,3,2,67.29111679749181
3,3,3,156.61678755423753
3,3,4,158.8562111125308
3,3,5,158.84356534888593
3,4,1,156.56222154577924
3,4,2,156.5549472382779
3,4,3,157.55693481887508
3,4,4,155.40718730617533
3,4,5,89.43946224519948
3,5,1,78.76438731451046
3,5,2,99.420952364156
3,5,3,55.05443426097834
3,5,4,122.94530269396883
3,5,5,61.012350651285715
3,6,1,120.55658976196617
3,6,2,129.04167006026682
3,6,3,119.76225962344175
3,6,4,118.38671790512943
3,6,5,126.12336613216883
3,7,1,70.44348221714895
3,7,2,117.95890283686902
3,7,3,153.2375823478551
3,7,4,107.81061996263722
3,7,5,64.15901061500269
3,8,1,200.0
3,8,2,91.73036618277249
3,8,3,108.5625686940724
3,8,4,130.53998482265774
3,8,5,110.83441237168175
3,9,1,113.00694547275694
3,9,2,117.07621234803797
3,9,3,196.45758843177646
3,9,4,117.13375696261849
3,9,5,82.92168149961776
3,10,1,105.18698387042048
3,10,2,152.34567497139153
3,10,3,122.6921019008313
3,10,4,126.93248325225426
3,10,5,187.41482750920542
3,11,1,96.07169278150289
3,11,2,200.0
3,11,3,104.32847370665391
3,11,4,171.18546048713952
3,11,5,118.24236023631401
3,12,1,150.63564403691714
3,12,2,200.0
3,12,3,79.23470837233728
3,12,4,186.0902794822386
3,12,5,122.97556602171078
3,13,1,200.0
3,13,2,109.50258131101714
3,13,3,127.09543258830519
3,13,4,104.56733640058255
3,13,5,144.47611469393473
3,14,1,108.7691277967063
3,14,2,75.39792273490305
3,14,3,138.12436205177187
3,14,4,107.76204090032415
3,14,5,97.30348455051424
3,15,1,97.12839894510597
3,15,2,117.70383442666704
3,15,3,94.04357916719157
3,15,4,159.9927320293962
3,15,5,185.22386686921843
3,16,1,110.45018529451968
3,16,2,116.19176434439815
3,16,3,117.75986690566555
3,16,4,78.32902910209596
3,16,5,178.95643239804838
3,17,1,119.54650704968279
3,17,2,140.2612828000527
3,17,3,110.16853244464816
3,17,4,112.3974794603053
3,17,5,109.50528665839157
3,18,1,101.0736910090274
3,18,2,92.8554866842001
3,18,3,139.60740493017693
3,18,4,200.0
3,18,5,125.70550417701757
3,19,1,109.04216637349879
3,19,2,113.85392904658542
3,19,3,111.20158992709908
3,19,4,103.41603931212317
3,19,5,108.53660941327213
3,20,1,105.89500341495466
3,20,2,84.80425522551312
3,20,3,135.2142621859277
3,20,4,109.95352154931095
3,20,5,130.87300789230844
3,21,1,110.22464536098565
3,21,2,153.7761119960917
3,21,3,143.62435716898787
3,21,4,150.45019139028764
3,21,5,159.62804424987752
3,22,1,148.78640140188475
3,22,2,123.84339389582601
3,22,3,138.02161671819212
3,22,4,116.82815210759553
3,22,5,139.57071801808632
3,23,1,151.9727953020741
3,23,2,141.08351012528246
3,23,3,161.64766669174787
3,23,4,143.54356221502445
3,23,5,190.6465356214519
3,24,1,81.21471627653634
3,24,2,168.18341141833434
3,24,3,148.2818614243517
3,24,4,102.65559154099033
3,24,5,149.7542003681588
3,25,1,138.90115417539073
3,25,2,146.4460620052282
3,25,3,147.02301321283485
3,25,4,118.53010024720498
3,25,5,200.0
3,26,1,132.67940133702217
3,26,2,111.12032479756385
3,26,3,168.68236566470262
3,26,4,146.58940819203352
3,26,5,137.72704561875926
3,27,1,139.57481284338422
3,27,2,150.50672775687497
3,27,3,145.31836185515914
3,27,4,144.82288892349658
3,27,5,128.5680210131346
3,28,1,146.69443375104385
3,28,2,195.03226620887875
3,28,3,200.0
3,28,4,100.81065711263246
3,28,5,159.09621251440413
3,29,1,164.62263053735654
3,29,2,125.59453502045108
3,29,3,149.3711569023477
3,29,4,143.55724243838515
3,29,5,134.15331029326572
3,30,1,146.30762254259562
3,30,2,143.41018465011805
3,30,3,136.4702369309828
3,30,4,146.99256107985605
3,30,5,147.80050223623326
3,31,1,146.5995157224676
3,31,2,168.82306200623634
3,31,3,118.765215018791
3,31,4,139.36183216297093
3,31,5,155.6148373855654
3,32,1,89.00459007801834
3,32,2,115.95471132926411
3,32,3,94.25251339539193
3,32,4,138.2962523707768
3,32,5,155.69042177260326
3,33,1,200.0
3,33,2,151.1528610389445
3,33,3,145.0267885610141
3,33,4,115.27398881352909
3,33,5,139.34647422041104
3,34,1,148.5804729560723
3,34,2,155.78747542857164
3,34,3,144.8748621734663
3,34,4,138.9101766839978
3,34,5,155.89522479379295
3,35,1,155.93414560421866
3,35,2,158.9288655292987
3,35,3,140.51469531536227
3,35,4,98.40517305285564
3,35,5,151.48125562096504
3,36,1,108.23785886892546
3,36,2,152.92882669793207
3,36,3,149.9040481005869
3,36,4,146.66107720854225
3,36,5,122.17512306089023
3,37,1,153.0191968081552
3,37,2,152.019820320939
3,37,3,157.47329291415116
3,37,4,153.07643898537492
3,37,5,157.80188861758916
3,38,1,139.50262085477638
3,38,2,150.0771682294735
3,38,3,156.42530190079498
3,38,4,158.38720580751865
3,38,5,151.72735144451212
3,39,1,158.48961161489927
3,39,2,156.19452042651574
3,39,3,155.48264421307707
3,39,4,159.63264743575783
3,39,5,156.76656093112484
3,40,1,154.71960802468706
3,40,2,117.97778986774782
3,40,3,155.82294050046065
3,40,4,158.75189137744678
3,40,5,132.9244141827768
3,41,1,159.52168744250363
3,41,2,158.03372639391856
3,41,3,150.08395281179338
3,41,4,57.79646902042548
3,41,5,159.6571138553005
3,42,1,158.61032830504448
3,42,2,156.77818456487367
3,42,3,154.31491545727602
3,42,4,158.35971275613355
3,42,5,157.89821214791195
3,43,1,118.23087911420495
3,43,2,151.70749819842268
3,43,3,120.86542363429876
3,43,4,156.17408972643022
3,43,5,153.17282988742784
3,44,1,157.68311276182072
3,44,2,154.02708598402282
3,44,3,152.6510239361598
3,44,4,156.23419095808396
3,44,5,151.36412843099652
3,45,1,66.56898360171768
3,45,2,157.4647737988151
3,45,3,154.77023033501618
3,45,4,158.92529412301997
3,45,5,82.44126621604221
3,46,1,157.73350797264538
3,46,2,146.692056925959
3,46,3,144.43434964939365
3,46,4,158.5904823739461
3,46,5,107.49168212852163
3,47,1,102.80128891081603
3,47,2,146.61023879206655
3,47,3,150.6222373148849
3,47,4,89.64039280724324
3,47,5,98.38607526873434
3,48,1,151.7358324745768
3,48,2,152.16553952390353
3,48,3,154.32122931000941
3,48,4,160.09989983928978
3,48,5,84.00034300862714
4,1,1,0.0
4,1,2,0.0
4,1,3,0.0
4,1,4,0.0
4,1,5,0.0
4,2,1,0.0
4,2,2,0.0
4,2,3,0.0
4,2,4,0.0
4,2,5,0.0
4,3,1,0.0
4,3,2,0.0
4,3,3,0.0
4,3,4,0.0
4,3,5,0.0
4,4,1,0.0
4,4,2,0.0
4,4,3,0.0
4,4,4,0.0
4,4,5,0.0
4,5,1,0.0
4,5,2,0.0
4,5,3,0.0
4,5,4,0.0
4,5,5,0.0
4,6,1,0.0
4,6,2,0.0
4,6,3,0.0
4,6,4,0.0
4,6,5,0.0
4,7,1,0.0
4,7,2,0.0
4,7,3,0.0
4,7,4,0.0
4,7,5,0.0
4,8,1,0.0
4,8,2,0.0
4,8,3,0.0
4,8,4,0.0
4,8,5,0.0
4,9,1,0.0
4,9,2,0.0
4,9,3,0.0
4,9,4,0.0
4,9,5,0.0
4,10,1,0.0
4,10,2,0.0
4,10,3,0.0
4,10,4,0.0
4,10,5,0.0
4,11,1,0.0
4,11,2,0.0
4,11,3,0.0
4,11,4,0.0
4,11,5,0.0
4,12,1,0.0
4,12,2,0.0
4,12,3,0.0
4,12,4,0.0
4,12,5,0.0
4,13,1,0.0
4,13,2,0.0
4,13,3,0.0
4,13,4,0.0
4,13,5,0.0
4,14,1,0.0
4,14,2,0.0
4,14,3,0.0
4,14,4,0.0
4,14,5,0.0
4,15,1,0.0
4,15,2,0.0
4,15,3,0.0
4,15,4,0.0
4,15,5,0.0
4,16,1,0.0
4,16,2,0.0
4,16,3,0.0
4,16,4,0.0
4,16,5,0.0
4,17,1,0.0
4,17,2,0.0
4,17,3,0.0
4,17,4,0.0
4,17,5,0.0
4,18,1,0.0
4,18,2,0.0
4,18,3,0.0
4,18,4,0.0
4,18,5,0.0
4,19,1,0.0
4,19,2,0.0
4,19,3,0.0
4,19,4,0.0
4,19,5,0.0
4,20,1,0.0
4,20,2,0.0
4,20,3,0.0
4,20,4,0.0
4,20,5,0.0
4,21,1,0.0
4,21,2,0.0
4,21,3,0.0
4,21,4,0.0
4,21,5,0.0
4,22,1,0.0
4,22,2,0.0
4,22,3,0.0
4,22,4,0.0
4,22,5,0.0
4,23,1,0.0
4,23,2,0.0
4,23,3,0.0
4,23,4,0.0
4,23,5,0.0
4,24,1,0.0
4,24,2,0.0
4,24,3,0.0
4,24,4,0.0
4,24,5,0.0
4,25,1,0.0
4,25,2,0.0
4,25,3,0.0
4,25,4,0.0
4,25,5,0.0
4,26,1,0.0
4,26,2,0.0
4,26,3,0.0
4,26,4,0.0
4,26,5,0.0
4,27,1,0.0
4,27,2,0.0
4,27,3,0.0
4,27,4,0.0
4,27,5,0.0
4,28,1,0.0
4,28,2,0.0
4,28,3,0.0
4,28,4,0.0
4,28,5,0.0
4,29,1,0.0
4,29,2,0.0
4,29,3,0.0
4,29,4,0.0
4,29,5,0.0
4,30,1,0.0
4,30,2,0.0
4,30,3,0.0
4,30,4,0.0
4,30,5,0.0
4,31,1,0.0
4,31,2,0.0
4,31,3,0.0
4,31,4,0.0
4,31,5,0.0
4,32,1,0.0
4,32,2,0.0
4,32,3,0.0
4,32,4,0.0
4,32,5,0.0
4,33,1,0.0
4,33,2,0.0
4,33,3,0.0
4,33,4,0.0
4,33,5,0.0
4,34,1,0.0
4,34,2,0.0
4,34,3,0.0
4,34,4,0.0
4,34,5,0.0
4,35,1,0.0
4,35,2,0.0
4,35,3,0.0
4,35,4,0.0
4,35,5,0.0
4,36,1,0.0
4,36,2,0.0
4,36,3,0.0
4,36,4,0.0
4,36,5,0.0
4,37,1,0.0
4,37,2,0.0
4,37,3,0.0
4,37,4,0.0
4,37,5,0.0
4,38,1,0.0
4,38,2,0.0
4,38,3,0.0
4,38,4,0.0
4,38,5,0.0
4,39,1,0.0
4,39,2,0.0
4,39,3,0.0
4,39,4,0.0
4,39,5,0.0
4,40,1,0.0
4,40,2,0.0
4,40,3,0.0
4,40,4,0.0
4,40,5,0.0
4,41,1,0.0
4,41,2,0.0
4,41,3,0.0
4,41,4,0.0
4,41,5,0.0
4,42,1,0.0
4,42,2,0.0
4,42,3,0.0
4,42,4,0.0
4,42,5,0.0
4,43,1,0.0
4,43,2,0.0
4,43,3,0.0
4,43,4,0.0
4,43,5,0.0
4,44,1,0.0
4,44,2,0.0
4,44,3,0.0
4,44,4,0.0
4,44,5,0.0
4,45,1,0.0
4,45,2,0.0
4,45,3,0.0
4,45,4,0.0
4,45,5,0.0
4,46,1,0.0
4,46,2,0.0
4,46,3,0.0
4,46,4,0.0
4,46,5,0.0
4,47,1,0.0
4,47,2,0.0
4,47,3,0.0
4,47,4,0.0
4,47,5,0.0
4,48,1,0.0
4,48,2,0.0
4,48,3,0.0
4,48,4,0.0
4,48,5,0.0
5,1,1,0.0
5,1,2,0.0
5,1,3,0.0
5,1,4,0.0
5,1,5,0.0
5,2,1,0.0
5,2,2,0.0
5,2,3,0.0
5,2,4,0.0
5,2,5,0.0
5,3,1,0.0
5,3,2,0.0
5,3,3,0.0
5,3,4,0.0
5,3,5,0.0
5,4,1,0.0
5,4,2,0.0
5,4,3,0.0
5,4,4,0.0
5,4,5,0.0
5,5,1,0.0
5,5,2,0.0
5,5,3,0.0
5,5,4,0.0
5,5,5,0.0
5,6,1,0.0
5,6,2,0.0
5,6,3,0.0
5,6,4,0.0
5,6,5,0.0
5,7,1,0.0
5,7,2,0.0
5,7,3,0.0
5,7,4,0.0
5,7,5,0.0
5,8,1,11.74211480984576
5,8,2,0.0
5,8,3,0.0
5,8,4,0.0
5,8,5,0.0
5,9,1,0.0
5,9,2,0.0
5,9,3,0.0
5,9,4,0.0
5,9,5,0.0
5,10,1,0.0
5,10,2,0.0
5,10,3,0.0
5,10,4,0.0
5,10,5,0.0
5,11,1,0.0
5,11,2,0.0
5,11,3,0.0
5,11,4,23.9996716929199
5,11,5,0.0
5,12,1,0.0
5,12,2,15.86828319108294
5,12,3,0.0
5,12,4,0.0
5,12,5,0.0
5,13,1,0.0
5,13,2,0.0
5,13,3,0.0
5,13,4,0.0
5,13,5,11.38049109241813
5,14,1,0.0
5,14,2,0.0
5,14,3,0.0
5,14,4,0.0
5,14,5,0.0
5,15,1,0.0
5,15,2,0.0
5,15,3,0.0
5,15,4,26.96610024196158
5,15,5,15.5175449857141
5,16,1,0.0
5,16,2,0.0
5,16,3,0.0
5,16,4,0.0
5,16,5,26.60591408950267
5,17,1,0.0
5,17,2,22.5708821259133
5,17,3,0.0
5,17,4,0.0
5,17,5,0.0
5,18,1,0.0
5,18,2,0.0
5,18,3,0.0
5,18,4,0.0
5,18,5,0.3493885816773279
5,19,1,0.0
5,19,2,0.0
5,19,3,0.0
5,19,4,0.0
5,19,5,0.0
5,20,1,0.0
5,20,2,0.0
5,20,3,0.0
5,20,4,0.0
5,20,5,0.0
5,21,1,0.0
5,21,2,0.0
5,21,3,0.0
5,21,4,0.0
5,21,5,11.047421468670432
5,22,1,0.0
5,22,2,0.0
5,22,3,0.0
5,22,4,0.0
5,22,5,0.0
5,23,1,0.0
5,23,2,0.0
5,23,3,0.0
5,23,4,0.0
5,23,5,0.0
5,24,1,0.0
5,24,2,17.01996129829693
5,24,3,0.0
5,24,4,0.0
5,24,5,0.0
5,25,1,0.0
5,25,2,0.0
5,25,3,0.0
5,25,4,0.0
5,25,5,14.9691284701827
5,26,1,0.0
5,26,2,0.0
5,26,3,0.0
5,26,4,0.0
5,26,5,0.0
5,27,1,0.0
5,27,2,0.0
5,27,3,0.0
5,27,4,0.0
5,27,5,0.0
5,28,1,0.0
5,28,2,0.0
5,28,3,32.66013136923224
5,28,4,0.0
5,28,5,6.039956340375255
5,29,1,0.0
5,29,2,0.0
5,29,3,0.0
5,29,4,0.0
5,29,5,0.0
5,30,1,0.0
5,30,2,0.0
5,30,3,0.0
5,30,4,0.0
5,30,5,0.0
5,31,1,0.0
5,31,2,0.0
5,31,3,0.0
5,31,4,0.0
5,31,5,0.0
5,32,1,0.0
5,32,2,0.0
5,32,3,0.0
5,32,4,0.0
5,32,5,0.0
5,33,1,0.0
5,33,2,0.0
5,33,3,0.0
5,33,4,0.0
5,33,5,0.0
5,34,1,0.0
5,34,2,0.0
5,34,3,0.0
5,34,4,0.0
5,34,5,0.0
5,35,1,0.0
5,35,2,0.0
5,35,3,0.0
5,35,4,0.0
5,35,5,0.0
5,36,1,0.0
5,36,2,0.0
5,36,3,0.0
5,36,4,0.0
5,36,5,0.0
5,37,1,0.0
5,37,2,0.0
5,37,3,0.0
5,37,4,0.0
5,37,5,0.0
5,38,1,0.0
5,38,2,0.0
5,38,3,0.0
5,38,4,0.0
5,38,5,0.0
5,39,1,0.0
5,39,2,0.0
5,39,3,0.0
5,39,4,0.0
5,39,5,0.0
5,40,1,0.0
5,40,2,0.0
5,40,3,0.0
5,40,4,0.0
5,40,5,0.0
5,41,1,0.0
5,41,2,0.0
5,41,3,0.0
5,41,4,0.0
5,41,5,0.0
5,42,1,0.0
5,42,2,0.0
5,42,3,0.0
5,42,4,0.0
5,42,5,0.0
5,43,1,0.0
5,43,2,0.0
5,43,3,0.0
5,43,4,0.0
5,43,5,0.0
5,44,1,0.0
5,44,2,0.0
5,44,3,0.0
5,44,4,0.0
5,44,5,0.0
5,45,1,0.0
5,45,2,0.0
5,45,3,0.0
5,45,4,0.0
5,45,5,0.0
5,46,1,0.0
5,46,2,0.0
5,46,3,0.0
5,46,4,0.0
5,46,5,0.0
5,47,1,0.0
5,47,2,0.0
5,47,3,0.0
5,47,4,0.0
5,47,5,0.0
5,48,1,0.0
5,48,2,0.0
5,48,3,0.0
5,48,4,0.0
5,48,5,0.0
6,1,1,1.715308109591062
6,1,2,8.864702722762086
6,1,3,11.42949854406043
6,1,4,3.452789455590345
6,1,5,6.933454148182239
6,2,1,3.938738780566648
6,2,2,12.86512785950643
6,2,3,1.632849926497545
6,2,4,8.33662482575791
6,2,5,0.4356502638694303
6,3,1,1.504226360080784
6,3,2,1.653856123170359
6,3,3,4.163212445762449
6,3,4,1.923788887469201
6,3,5,1.936434651114074
6,4,1,4.02569031160616
6,4,2,4.225052761722113
6,4,3,1.618982554630652
6,4,4,1.355425779075436
6,4,5,2.147670310056092
6,5,1,13.68448330499862
6,5,2,54.25448506468734
6,5,3,20.12083347447994
6,5,4,4.354697306031175
6,5,5,8.35501655151831
6,6,1,6.743410238033832
6,6,2,5.853508487316005
6,6,3,7.537740376558247
6,6,4,8.913282094870567
6,6,5,1.176633867831177
6,7,1,5.004380059068684
6,7,2,9.341097163130982
6,7,3,37.59158730524382
6,7,4,19.48938003736277
6,7,5,32.23174290360085
6,8,1,0.0
6,8,2,73.57672268181793
6,8,3,18.7374313059276
6,8,4,8.860015177342262
6,8,5,16.46558762831825
6,9,1,27.09705184899978
6,9,2,10.22378765196203
6,9,3,91.02837121987717
6,9,4,10.1662430373815
6,9,5,6.52808412570616
6,10,1,22.11301612957952
6,10,2,88.67621333025397
6,10,3,11.15886606548362
6,10,4,12.467516747745748
6,10,5,23.90140953451604
6,11,1,7.223767509240761
6,11,2,6.911350566939721
6,11,3,35.071526293346096
6,11,4,0.0
6,11,5,9.05763976368598
6,12,1,19.16154291070581
6,12,2,0.0
6,12,3,24.5261671150731
6,12,4,28.34766468975845
6,12,5,4.686007383383348
6,13,1,61.83165153457626
6,13,2,25.1257079115272
6,13,3,15.10412695875753
6,13,4,44.83882191518074
6,13,5,0.0
6,14,1,18.5308722032937
6,14,2,9.946102139365202
6,14,3,1.2756379482281375
6,14,4,31.637959099675854
6,14,5,29.99651544948575
6,15,1,20.20922430519488
6,15,2,9.596165573332954
6,15,3,16.81455257417225
6,15,4,0.0
6,15,5,0.0
6,16,1,16.84981470548032
6,16,2,11.10823565560185
6,16,3,14.07282079570675
6,16,4,8.958842977375125
6,16,5,0.0
6,17,1,21.96783432716806
6,17,2,0.0
6,17,3,17.13146755535183
6,17,4,14.90252053969469
6,17,5,17.79471334160843
6,18,1,15.62981452109
6,18,2,22.72693539488899
6,18,3,67.27220757586366
6,18,4,18.21714929847674
6,18,5,13.694495822982432
6,19,1,18.25783362650121
6,19,2,16.13098917614663
6,19,3,16.09841007290092
6,19,4,15.39149977307636
6,19,5,29.39285818424556
6,20,1,33.11411499604328
6,20,2,38.22794722275418
6,20,3,43.62406177717106
6,20,4,17.34647845068905
6,20,5,8.190994528824513
6,21,1,50.55535463901433
6,21,2,7.003888003908313
6,21,3,17.15564283101211
6,21,4,10.32980860971234
6,21,5,13.251955750122477
6,22,1,11.99359859811526
6,22,2,36.93660610417397
6,22,3,22.75838328180788
6,22,4,45.32039296223821
6,22,5,21.20928198191368
6,23,1,31.92909885438997
6,23,2,10.95994402562466
6,23,3,11.232333308252123
6,23,4,17.23643778497553
6,23,5,0.0
6,24,1,27.99329397782244
6,24,2,4.696588581665651
6,24,3,12.49813857564829
6,24,4,14.39547754421442
6,24,5,11.02579963184119
6,25,1,21.87884582460925
6,25,2,14.33393799477178
6,25,3,13.75698678716515
6,25,4,17.83458797205898
6,25,5,0.0
6,26,1,28.10059866297782
6,26,2,23.81355556682492
6,26,3,4.19763433529738
6,26,4,14.19059180796647
6,26,5,23.05295438124072
6,27,1,21.20518715661576
6,27,2,10.27327224312504
6,27,3,15.46163814484084
6,27,4,15.95711107650341
6,27,5,32.21197898686539
6,28,1,14.08556624895615
6,28,2,0.0
6,28,3,0.0
6,28,4,11.01697430641169
6,28,5,13.783787485595866
6,29,1,39.24964039345556
6,29,2,7.272255160481258
6,29,3,11.40884309765229
6,29,4,17.22275756161486
6,29,5,17.97577860533027
6,30,1,14.47237745740437
6,30,2,17.36981534988194
6,30,3,24.30976306901721
6,30,4,13.78743892014395
6,30,5,12.97949776376673
6,31,1,16.81660052042524
6,31,2,4.056937993763654
6,31,3,16.86555682998116
6,31,4,21.41816783702907
6,31,5,5.165162614434595
6,32,1,9.801231667148242
6,32,2,5.329338750318181
6,32,3,10.99344319825772
6,32,4,25.25699925962544
6,32,5,5.089578227396726
6,33,1,0.0
6,33,2,9.627138961055493
6,33,3,15.7532114389859
6,33,4,16.97423995366886
6,33,5,28.8526835342134
6,34,1,12.19952704392768
6,34,2,4.992524571428362
6,34,3,15.90513782653369
6,34,4,1.651843471374991
6,34,5,4.884775206207054
6,35,1,4.845854395781345
6,35,2,1.851134470701316
6,35,3,20.26530468463771
6,35,4,16.19417572541198
6,35,5,9.29874437903494
6,36,1,11.7327207547206
6,36,2,7.851173302067933
6,36,3,10.8759518994131
6,36,4,14.11892279145773
6,36,5,2.395736131215806
6,37,1,7.760803191844801
6,37,2,8.760179679060982
6,37,3,3.306707085848836
6,37,4,4.053491136769302
6,37,5,2.978111382410823
6,38,1,4.67870889305129
6,38,2,4.916550450251743
6,38,3,4.354698099205017
6,38,4,2.392794192481327
6,38,5,9.05264855548786
6,39,1,2.290388385100706
6,39,2,4.585479573484255
6,39,3,5.297355786922939
6,39,4,1.147352564242175
6,39,5,4.013439068875146
6,40,1,6.060391975312942
6,40,2,2.95452784370896
6,40,3,4.957059499539354
6,40,4,2.028108622553211
6,40,5,5.412878251868064
6,41,1,1.258312557496369
6,41,2,2.746273606081426
6,41,3,6.618342049424356
6,41,4,6.367019009291642
6,41,5,1.122886144699472
6,42,1,2.169671694955505
6,42,2,1.604192620048744
6,42,3,6.465084542723966
6,42,4,2.420287243866439
6,42,5,2.881787852088037
6,43,1,3.396245994659177
6,43,2,0.8957194920952392
6,43,3,2.941567812470436
6,43,4,1.051234971060389
6,43,5,1.582482257081919
6,44,1,1.635402325617282
6,44,2,3.393560135062877
6,44,3,1.242209181094615
6,44,4,1.595911575072537
6,44,5,2.99207173918547
6,45,1,7.776350806281578
6,45,2,2.980939841389064
6,45,3,6.009769664983804
6,45,4,0.2232416117546856
6,45,5,8.178864348916699
6,46,1,0.6819921530631377
6,46,2,0.9042825002771957
6,46,3,16.34565035060634
6,46,4,2.189517626053912
6,46,5,0.7704979422916958
6,47,1,1.170914853371694
6,47,2,0.579723458937285
6,47,3,2.072129436210856
6,47,4,1.505445193071359
6,47,5,3.763418076297452
6,48,1,9.044167525423184
6,48,2,0.849385365551251
6,48,3,3.700967281925394
6,48,4,0.6801001607102091
6,48,5,3.255560133513251
7,1,1,117.1973629577466
7,1,2,41.16900826440292
7,1,3,114.22396877214203
7,1,4,34.4347590223267
7,1,5,120.36654585181776
7,2,1,123.36126121943335
7,2,2,114.43487214049357
7,2,3,125.66715007350246
7,2,4,26.75842253222622
7,2,5,55.52852972005701
7,3,1,118.78933884222522
7,3,2,33.81111679749182
7,3,3,123.13678755423754
7,3,4,125.3762111125308
7,3,5,125.36356534888593
7,4,1,123.08222154577925
7,4,2,123.07494723827789
7,4,3,124.07693481887509
7,4,4,121.92718730617534
7,4,5,55.95946224519949
7,5,1,78.76438731451046
7,5,2,99.420952364156
7,5,3,55.05443426097834
7,5,4,122.94530269396883
7,5,5,61.012350651285715
7,6,1,120.55658976196617
7,6,2,129.04167006026682
7,6,3,119.76225962344175
7,6,4,118.38671790512943
7,6,5,126.12336613216883
7,7,1,70.44348221714895
7,7,2,117.95890283686902
7,7,3,101.80841269475619
7,7,4,107.81061996263722
7,7,5,64.15901061500269
7,8,1,139.4
7,8,2,65.82327731818208
7,8,3,108.5625686940724
7,8,4,130.53998482265774
7,8,5,110.83441237168175
7,9,1,112.30294815100022
7,9,2,117.07621234803797
7,9,3,75.97338327186405
7,9,4,117.13375696261849
7,9,5,82.92168149961776
7,10,1,105.18698387042048
7,10,2,50.72378666974603
7,10,3,122.6921019008313
7,10,4,126.93248325225426
7,10,5,115.49859046548397
7,11,1,96.07169278150289
7,11,2,167.7244016809273
7,11,3,104.32847370665391
7,11,4,169.885129943295
7,11,5,118.24236023631401
7,12,1,120.2384570892942
7,12,2,139.4
7,12,3,79.23470837233728
7,12,4,111.05233531024156
7,12,5,122.97556602171078
7,13,1,77.56834846542375
7,13,2,109.50258131101714
7,13,3,124.29587304124247
7,13,4,94.56117808481926
7,13,5,139.4
7,14,1,108.7691277967063
7,14,2,75.39792273490305
7,14,3,138.12436205177187
7,14,4,107.76204090032415
7,14,5,97.30348455051424
7,15,1,97.12839894510597
7,15,2,117.70383442666704
7,15,3,94.04357916719157
7,15,4,159.9927320293962
7,15,5,139.4
7,16,1,110.45018529451968
7,16,2,116.19176434439815
7,16,3,117.75986690566555
7,16,4,78.32902910209596
7,16,5,139.4
7,17,1,117.43216567283194
7,17,2,140.2612828000527
7,17,3,110.16853244464816
7,17,4,112.3974794603053
7,17,5,109.50528665839157
7,18,1,101.0736910090274
7,18,2,92.8554866842001
7,18,3,72.12779242413635
7,18,4,121.18285070152326
7,18,5,125.70550417701757
7,19,1,109.04216637349879
7,19,2,113.85392904658542
7,19,3,111.20158992709908
7,19,4,103.41603931212317
7,19,5,108.53660941327213
7,20,1,105.89500341495466
7,20,2,84.80425522551312
7,20,3,95.77593822282896
7,20,4,109.95352154931095
7,20,5,130.87300789230844
7,21,1,76.74464536098566
7,21,2,120.29611199609168
7,21,3,110.14435716898788
7,21,4,116.97019139028765
7,21,5,126.14804424987753
7,22,1,115.30640140188474
7,22,2,90.36339389582602
7,22,3,104.54161671819212
7,22,4,83.34815210759552
7,22,5,106.09071801808632
7,23,1,107.47090114561004
7,23,2,107.60351012528247
7,23,3,128.16766669174788
7,23,4,110.06356221502446
7,23,5,157.1665356214519
7,24,1,47.73471627653634
7,24,2,134.70341141833435
7,24,3,114.8018614243517
7,24,4,69.17559154099033
7,24,5,116.2742003681588
7,25,1,105.42115417539074
7,25,2,112.96606200522822
7,25,3,113.54301321283485
7,25,4,85.050100247205
7,25,5,139.4
7,26,1,99.19940133702218
7,26,2,77.64032479756386
7,26,3,135.20236566470263
7,26,4,113.10940819203353
7,26,5,104.24704561875927
7,27,1,106.09481284338423
7,27,2,117.02672775687496
7,27,3,111.83836185515915
7,27,4,111.34288892349659
7,27,5,95.08802101313461
7,28,1,113.21443375104384
7,28,2,139.4
7,28,3,139.4
7,28,4,67.33065711263245
7,28,5,125.61621251440414
7,29,1,100.15035960654444
7,29,2,92.11453502045109
7,29,3,115.8911569023477
7,29,4,110.07724243838514
7,29,5,100.67331029326573
7,30,1,112.82762254259563
7,30,2,109.93018465011806
7,30,3,102.99023693098279
7,30,4,113.51256107985604
7,30,5,114.32050223623327
7,31,1,113.11951572246761
7,31,2,135.34306200623635
7,31,3,85.285215018791
7,31,4,105.88183216297092
7,31,5,122.1348373855654
7,32,1,55.52459007801834
7,32,2,82.47471132926412
7,32,3,60.77251339539193
7,32,4,104.81625237077682
7,32,5,122.21042177260327
7,33,1,139.4
7,33,2,117.6728610389445
7,33,3,111.5467885610141
7,33,4,81.79398881352908
7,33,5,105.86647422041105
7,34,1,115.10047295607231
7,34,2,122.30747542857164
7,34,3,111.39486217346631
7,34,4,105.43017668399781
7,34,5,122.41522479379294
7,35,1,122.45414560421865
7,35,2,125.44886552929869
7,35,3,107.03469531536228
7,35,4,64.92517305285565
7,35,5,118.00125562096505
7,36,1,74.75785886892547
7,36,2,119.44882669793206
7,36,3,116.4240481005869
7,36,4,113.18107720854226
7,36,5,88.69512306089023
7,37,1,119.5391968081552
7,37,2,118.53982032093901
7,37,3,123.99329291415116
7,37,4,119.59643898537493
7,37,5,124.32188861758917
7,38,1,106.02262085477639
7,38,2,116.59716822947351
7,38,3,122.94530190079499
7,38,4,124.90720580751866
7,38,5,118.24735144451213
7,39,1,125.00961161489928
7,39,2,122.71452042651575
7,39,3,122.00264421307706
7,39,4,126.15264743575783
7,39,5,123.28656093112485
7,40,1,121.23960802468706
7,40,2,84.49778986774783
7,40,3,122.34294050046064
7,40,4,125.27189137744679
7,40,5,99.4444141827768
7,41,1,126.04168744250363
7,41,2,124.55372639391857
7,41,3,116.60395281179339
7,41,4,24.316469020425483
7,41,5,126.17711385530052
7,42,1,125.13032830504449
7,42,2,123.29818456487368
7,42,3,120.83491545727603
7,42,4,124.87971275613356
7,42,5,124.41821214791196
7,43,1,84.75087911420496
7,43,2,118.2274981984227
7,43,3,87.38542363429877
7,43,4,122.69408972643024
7,43,5,119.69282988742785
7,44,1,124.20311276182073
7,44,2,120.54708598402283
7,44,3,119.1710239361598
7,44,4,122.75419095808397
7,44,5,117.88412843099653
7,45,1,33.08898360171768
7,45,2,123.9847737988151
7,45,3,121.29023033501619
7,45,4,125.44529412301998
7,45,5,48.961266216042205
7,46,1,124.2535079726454
7,46,2,113.21205692595902
7,46,3,110.95434964939366
7,46,4,125.11048237394608
7,46,5,74.01168212852163
7,47,1,69.32128891081604
7,47,2,113.13023879206656
7,47,3,117.14223731488491
7,47,4,56.16039280724325
7,47,5,64.90607526873436
7,48,1,118.2558324745768
7,48,2,118.68553952390354
7,48,3,120.84122931000942
7,48,4,126.61989983928979
7,48,5,50.520343008627144
8,1,1,118.91267106733767
8,1,2,50.03371098716501
8,1,3,125.65346731620247
8,1,4,37.88754847791704
8,1,5,127.3
8,2,1,127.3
8,2,2,127.3
8,2,3,127.3
8,2,4,35.09504735798413
8,2,5,55.96417998392644
8,3,1,120.293565202306
8,3,2,35.46497292066218
8,3,3,127.3
8,3,4,127.3
8,3,5,127.3
8,4,1,127.1079118573854
8,4,2,127.3
8,4,3,125.69591737350574
8,4,4,123.28261308525077
8,4,5,58.10713255525558
8,5,1,92.44887061950908
8,5,2,139.4
8,5,3,75.17526773545828
8,5,4,127.3
8,5,5,69.36736720280402
8,6,1,127.3
8,6,2,134.89517854758282
8,6,3,127.3
8,6,4,127.3
8,6,5,127.3
8,7,1,75.44786227621763
8,7,2,127.3
8,7,3,139.4
8,7,4,127.3
8,7,5,96.39075351860353
8,8,1,139.4
8,8,2,139.4
8,8,3,127.3
8,8,4,139.4
8,8,5,127.3
8,9,1,139.4
8,9,2,127.3
8,9,3,139.4
8,9,4,127.3
8,9,5,89.44976562532392
8,10,1,127.3
8,10,2,139.4
8,10,3,133.85096796631493
8,10,4,139.4
8,10,5,139.4
8,11,1,103.29546029074365
8,11,2,139.4
8,11,3,139.4
8,11,4,139.4
8,11,5,127.3
8,12,1,139.4
8,12,2,139.4
8,12,3,103.76087548741037
8,12,4,139.4
8,12,5,127.66157340509412
8,13,1,139.4
8,13,2,134.62828922254434
8,13,3,139.4
8,13,4,139.4
8,13,5,139.4
8,14,1,127.3
8,14,2,85.34402487426826
8,14,3,139.4
8,14,4,139.4
8,14,5,127.3
8,15,1,117.33762325030085
8,15,2,127.3
8,15,3,110.85813174136382
8,15,4,139.4
8,15,5,139.4
8,16,1,127.3
8,16,2,127.3
8,16,3,131.8326877013723
8,16,4,87.28787207947109
8,16,5,139.4
8,17,1,139.4
8,17,2,139.4
8,17,3,127.3
8,17,4,127.3
8,17,5,127.3
8,18,1,116.7035055301174
8,18,2,115.5824220790891
8,18,3,139.4
8,18,4,139.4
8,18,5,139.4
8,19,1,127.3
8,19,2,129.98491822273206
8,19,3,127.3
8,19,4,118.80753908519954
8,19,5,137.9294675975177
8,20,1,139.00911841099793
8,20,2,123.0322024482673
8,20,3,139.4
8,20,4,127.3
8,20,5,139.06400242113295
8,21,1,127.3
8,21,2,127.3
8,21,3,127.3
8,21,4,127.3
8,21,5,139.4
8,22,1,127.3
8,22,2,127.3
8,22,3,127.3
8,22,4,128.66854506983373
8,22,5,127.3
8,23,1,139.4
8,23,2,118.56345415090713
8,23,3,139.4
8,23,4,127.3
8,23,5,139.4
8,24,1,75.72801025435878
8,24,2,139.4
8,24,3,127.3
8,24,4,83.57106908520474
8,24,5,127.3
8,25,1,127.3
8,25,2,127.3
8,25,3,127.3
8,25,4,102.88468821926398
8,25,5,139.4
8,26,1,127.3
8,26,2,101.45388036438878
8,26,3,139.4
8,26,4,127.3
8,26,5,127.3
8,27,1,127.3
8,27,2,127.3
8,27,3,127.3
8,27,4,127.3
8,27,5,127.3
8,28,1,127.3
8,28,2,139.4
8,28,3,139.4
8,28,4,78.34763141904415
8,28,5,139.4
8,29,1,139.4
8,29,2,99.38679018093234
8,29,3,127.3
8,29,4,127.3
8,29,5,118.649088898596
8,30,1,127.3
8,30,2,127.3
8,30,3,127.3
8,30,4,127.3
8,30,5,127.3
8,31,1,129.93611624289287
8,31,2,139.4
8,31,3,102.15077184877217
8,31,4,127.3
8,31,5,127.3
8,32,1,65.32582174516658
8,32,2,87.80405007958231
8,32,3,71.76595659364965
8,32,4,130.07325163040227
8,32,5,127.3
8,33,1,139.4
8,33,2,127.3
8,33,3,127.3
8,33,4,98.76822876719794
8,33,5,134.71915775462446
8,34,1,127.3
8,34,2,127.3
8,34,3,127.3
8,34,4,107.0820201553728
8,34,5,127.3
8,35,1,127.3
8,35,2,127.3
8,35,3,127.3
8,35,4,81.11934877826764
8,35,5,127.3
8,36,1,86.49057962364607
8,36,2,127.3
8,36,3,127.3
8,36,4,127.3
8,36,5,91.09085919210604
8,37,1,127.3
8,37,2,127.3
8,37,3,127.3
8,37,4,123.64993012214423
8,37,5,127.3
8,38,1,110.70132974782769
8,38,2,121.51371867972526
8,38,3,127.3
8,38,4,127.3
8,38,5,127.3
8,39,1,127.3
8,39,2,127.3
8,39,3,127.3
8,39,4,127.3
8,39,5,127.3
8,40,1,127.3
8,40,2,87.45231771145679
8,40,3,127.3
8,40,4,127.3
8,40,5,104.85729243464486
8,41,1,127.3
8,41,2,127.3
8,41,3,123.22229486121775
8,41,4,30.683488029717125
8,41,5,127.3
8,42,1,127.3
8,42,2,124.90237718492243
8,42,3,127.3
8,42,4,127.3
8,42,5,127.3
8,43,1,88.14712510886415
8,43,2,119.12321769051793
8,43,3,90.32699144676921
8,43,4,123.74532469749063
8,43,5,121.27531214450977
8,44,1,125.83851508743801
8,44,2,123.9406461190857
8,44,3,120.4132331172544
8,44,4,124.3501025331565
8,44,5,120.876200170182
8,45,1,40.865334407999256
8,45,2,126.96571364020416
8,45,3,127.3
8,45,4,125.66853573477466
8,45,5,57.1401305649589
8,46,1,124.93550012570853
8,46,2,114.11633942623621
8,46,3,127.3
8,46,4,127.3
8,46,5,74.78218007081333
8,47,1,70.49220376418774
8,47,2,113.70996225100384
8,47,3,119.21436675109577
8,47,4,57.66583800031461
8,47,5,68.66949334503181
8,48,1,127.3
8,48,2,119.5349248894548
8,48,3,124.54219659193483
8,48,4,127.3
8,48,5,53.77590314214039
9,1,1,118.91267106733767
9,1,2,50.03371098716501
9,1,3,125.65346731620247
9,1,4,37.88754847791704
9,1,5,127.3
9,2,1,127.3
9,2,2,127.3
9,2,3,127.3
9,2,4,35.09504735798413
9,2,5,55.96417998392644
9,3,1,120.293565202306
9,3,2,35.46497292066218
9,3,3,127.3
9,3,4,127.3
9,3,5,127.3
9,4,1,127.1079118573854
9,4,2,127.3
9,4,3,125.69591737350574
9,4,4,123.28261308525077
9,4,5,58.10713255525558
9,5,1,92.44887061950908
9,5,2,127.3
9,5,3,75.17526773545828
9,5,4,127.3
9,5,5,69.36736720280402
9,6,1,127.3
9,6,2,127.3
9,6,3,127.3
9,6,4,127.3
9,6,5,127.3
9,7,1,75.44786227621763
9,7,2,127.3
9,7,3,127.3
9,7,4,127.3
9,7,5,96.39075351860353
9,8,1,127.3
9,8,2,127.3
9,8,3,127.3
9,8,4,127.3
9,8,5,127.3
9,9,1,127.3
9,9,2,127.3
9,9,3,127.3
9,9,4,127.3
9,9,5,89.44976562532392
9,10,1,127.3
9,10,2,127.3
9,10,3,127.3
9,10,4,127.3
9,10,5,127.3
9,11,1,103.29546029074365
9,11,2,127.3
9,11,3,127.3
9,11,4,127.3
9,11,5,127.3
9,12,1,127.3
9,12,2,127.3
9,12,3,103.76087548741037
9,12,4,127.3
9,12,5,127.3
9,13,1,127.3
9,13,2,127.3
9,13,3,127.3
9,13,4,127.3
9,13,5,127.3
9,14,1,127.3
9,14,2,85.34402487426826
9,14,3,127.3
9,14,4,127.3
9,14,5,127.3
9,15,1,117.33762325030085
9,15,2,127.3
9,15,3,110.85813174136382
9,15,4,127.3
9,15,5,127.3
9,16,1,127.3
9,16,2,127.3
9,16,3,127.3
9,16,4,87.28787207947109
9,16,5,127.3
9,17,1,127.3
9,17,2,127.3
9,17,3,127.3
9,17,4,127.3
9,17,5,127.3
9,18,1,116.7035055301174
9,18,2,115.5824220790891
9,18,3,127.3
9,18,4,127.3
9,18,5,127.3
9,19,1,127.3
9,19,2,127.3
9,19,3,127.3
9,19,4,118.80753908519954
9,19,5,127.3
9,20,1,127.3
9,20,2,123.0322024482673
9,20,3,127.3
9,20,4,127.3
9,20,5,127.3
9,21,1,127.3
9,21,2,127.3
9,21,3,127.3
9,21,4,127.3
9,21,5,127.3
9,22,1,127.3
9,22,2,127.3
9,22,3,127.3
9,22,4,127.3
9,22,5,127.3
9,23,1,127.3
9,23,2,118.56345415090713
9,23,3,127.3
9,23,4,127.3
9,23,5,127.3
9,24,1,75.72801025435878
9,24,2,127.3
9,24,3,127.3
9,24,4,83.57106908520474
9,24,5,127.3
9,25,1,127.3
9,25,2,127.3
9,25,3,127.3
9,25,4,102.88468821926398
9,25,5,127.3
9,26,1,127.3
9,26,2,101.45388036438878
9,26,3,127.3
9,26,4,127.3
9,26,5,127.3
9,27,1,127.3
9,27,2,127.3
9,27,3,127.3
9,27,4,127.3
9,27,5,127.3
9,28,1,127.3
9,28,2,127.3
9,28,3,127.3
9,28,4,78.34763141904415
9,28,5,127.3
9,29,1,127.3
9,29,2,99.38679018093234
9,29,3,127.3
9,29,4,127.3
9,29,5,118.649088898596
9,30,1,127.3
9,30,2,127.3
9,30,3,127.3
9,30,4,127.3
9,30,5,127.3
9,31,1,127.3
9,31,2,127.3
9,31,3,102.15077184877217
9,31,4,127.3
9,31,5,127.3
9,32,1,65.32582174516658
9,32,2,87.80405007958231
9,32,3,71.76595659364965
9,32,4,127.3
9,32,5,127.3
9,33,1,127.3
9,33,2,127.3
9,33,3,127.3
9,33,4,98.76822876719794
9,33,5,127.3
9,34,1,127.3
9,34,2,127.3
9,34,3,127.3
9,34,4,107.0820201553728
9,34,5,127.3
9,35,1,127.3
9,35,2,127.3
9,35,3,127.3
9,35,4,81.11934877826764
9,35,5,127.3
9,36,1,86.49057962364607
9,36,2,127.3
9,36,3,127.3
9,36,4,127.3
9,36,5,91.09085919210604
9,37,1,127.3
9,37,2,127.3
9,37,3,127.3
9,37,4,123.64993012214423
9,37,5,127.3
9,38,1,110.70132974782769
9,38,2,121.51371867972526
9,38,3,127.3
9,38,4,127.3
9,38,5,127.3
9,39,1,127.3
9,39,2,127.3
9,39,3,127.3
9,39,4,127.3
9,39,5,127.3
9,40,1,127.3
9,40,2,87.45231771145679
9,40,3,127.3
9,40,4,127.3
9,40,5,104.85729243464486
9,41,1,127.3
9,41,2,127.3
9,41,3,123.22229486121775
9,41,4,30.683488029717125
9,41,5,127.3
9,42,1,127.3
9,42,2,124.90237718492243
9,42,3,127.3
9,42,4,127.3
9,42,5,127.3
9,43,1,88.14712510886415
9,43,2,119.12321769051793
9,43,3,90.32699144676921
9,43,4,123.74532469749063
9,43,5,121.27531214450977
9,44,1,125.83851508743801
9,44,2,123.9406461190857
9,44,3,120.4132331172544
9,44,4,124.3501025331565
9,44,5,120.876200170182
9,45,1,40.865334407999256
9,45,2,126.96571364020416
9,45,3,127.3
9,45,4,125.66853573477466
9,45,5,57.1401305649589
9,46,1,124.93550012570853
9,46,2,114.11633942623621
9,46,3,127.3
9,46,4,127.3
9,46,5,74.78218007081333
9,47,1,70.49220376418774
9,47,2,113.70996225100384
9,47,3,119.21436675109577
9,47,4,57.66583800031461
9,47,5,68.66949334503181
9,48,1,127.3
9,48,2,119.5349248894548
9,48,3,124.54219659193483
9,48,4,127.3
9,48,5,53.77590314214039
10,1,1,0.0
10,1,2,0.0
10,1,3,0.0
10,1,4,0.0
10,1,5,0.0
10,2,1,0.0
10,2,2,0.0
10,2,3,0.0
10,2,4,0.0
10,2,5,0.0
10,3,1,0.0
10,3,2,0.0
10,3,3,0.0
10,3,4,0.0
10,3,5,0.0
10,4,1,0.0
10,4,2,0.0
10,4,3,0.0
10,4,4,0.0
10,4,5,0.0
10,5,1,0.0
10,5,2,0.0
10,5,3,0.0
10,5,4,0.0
10,5,5,0.0
10,6,1,0.0
10,6,2,0.0
10,6,3,0.0
10,6,4,0.0
10,6,5,0.0
10,7,1,0.0
10,7,2,0.0
10,7,3,0.0
10,7,4,0.0
10,7,5,0.0
10,8,1,0.0
10,8,2,0.0
10,8,3,0.0
10,8,4,0.0
10,8,5,0.0
10,9,1,0.0
10,9,2,0.0
10,9,3,0.0
10,9,4,0.0
10,9,5,0.0
10,10,1,0.0
10,10,2,0.0
10,10,3,0.0
10,10,4,0.0
10,10,5,0.0
10,11,1,0.0
10,11,2,0.0
10,11,3,0.0
10,11,4,0.0
10,11,5,0.0
10,12,1,0.0
10,12,2,0.0
10,12,3,0.0
10,12,4,0.0
10,12,5,0.0
10,13,1,0.0
10,13,2,0.0
10,13,3,0.0
10,13,4,0.0
10,13,5,0.0
10,14,1,0.0
10,14,2,0.0
10,14,3,0.0
10,14,4,0.0
10,14,5,0.0
10,15,1,0.0
10,15,2,0.0
10,15,3,0.0
10,15,4,0.0
10,15,5,0.0
10,16,1,0.0
10,16,2,0.0
10,16,3,0.0
10,16,4,0.0
10,16,5,0.0
10,17,1,0.0
10,17,2,0.0
10,17,3,0.0
10,17,4,0.0
10,17,5,0.0
10,18,1,0.0
10,18,2,0.0
10,18,3,0.0
10,18,4,0.0
10,18,5,0.0
10,19,1,0.0
10,19,2,0.0
10,19,3,0.0
10,19,4,0.0
10,19,5,0.0
10,20,1,0.0
10,20,2,0.0
10,20,3,0.0
10,20,4,0.0
10,20,5,0.0
10,21,1,0.0
10,21,2,0.0
10,21,3,0.0
10,21,4,0.0
10,21,5,0.0
10,22,1,0.0
10,22,2,0.0
10,22,3,0.0
10,22,4,0.0
10,22,5,0.0
10,23,1,0.0
10,23,2,0.0
10,23,3,0.0
10,23,4,0.0
10,23,5,0.0
10,24,1,0.0
10,24,2,0.0
10,24,3,0.0
10,24,4,0.0
10,24,5,0.0
10,25,1,0.0
10,25,2,0.0
10,25,3,0.0
10,25,4,0.0
10,25,5,0.0
10,26,1,0.0
10,26,2,0.0
10,26,3,0.0
10,26,4,0.0
10,26,5,0.0
10,27,1,0.0
10,27,2,0.0
10,27,3,0.0
10,27,4,0.0
10,27,5,0.0
10,28,1,0.0
10,28,2,0.0
10,28,3,0.0
10,28,4,0.0
10,28,5,0.0
10,29,1,0.0
10,29,2,0.0
10,29,3,0.0
10,29,4,0.0
10,29,5,0.0
10,30,1,0.0
10,30,2,0.0
10,30,3,0.0
10,30,4,0.0
10,30,5,0.0
10,31,1,0.0
10,31,2,0.0
10,31,3,0.0
10,31,4,0.0
10,31,5,0.0
10,32,1,0.0
10,32,2,0.0
10,32,3,0.0
10,32,4,0.0
10,32,5,0.0
10,33,1,0.0
10,33,2,0.0
10,33,3,0.0
10,33,4,0.0
10,33,5,0.0
10,34,1,0.0
10,34,2,0.0
10,34,3,0.0
10,34,4,0.0
10,34,5,0.0
10,35,1,0.0
10,35,2,0.0
10,35,3,0.0
10,35,4,0.0
10,35,5,0.0
10,36,1,0.0
10,36,2,0.0
10,36,3,0.0
10,36,4,0.0
10,36,5,0.0
10,37,1,0.0
10,37,2,0.0
10,37,3,0.0
10,37,4,0.0
10,37,5,0.0
10,38,1,0.0
10,38,2,0.0
10,38,3,0.0
10,38,4,0.0
10,38,5,0.0
10,39,1,0.0
10,39,2,0.0
10,39,3,0.0
10,39,4,0.0
10,39,5,0.0
10,40,1,0.0
10,40,2,0.0
10,40,3,0.0
10,40,4,0.0
10,40,5,0.0
10,41,1,0.0
10,41,2,0.0
10,41,3,0.0
10,41,4,0.0
10,41,5,0.0
10,42,1,0.0
10,42,2,0.0
10,42,3,0.0
10,42,4,0.0
10,42,5,0.0
10,43,1,0.0
10,43,2,0.0
10,43,3,0.0
10,43,4,0.0
10,43,5,0.0
10,44,1,0.0
10,44,2,0.0
10,44,3,0.0
10,44,4,0.0
10,44,5,0.0
10,45,1,0.0
10,45,2,0.0
10,45,3,0.0
10,45,4,0.0
10,45,5,0.0
10,46,1,0.0
10,46,2,0.0
10,46,3,0.0
10,46,4,0.0
10,46,5,0.0
10,47,1,0.0
10,47,2,0.0
10,47,3,0.0
10,47,4,0.0
10,47,5,0.0
10,48,1,0.0
10,48,2,0.0
10,48,3,0.0
10,48,4,0.0
10,48,5,0.0
11,1,1,67.12
11,1,2,67.12
11,1,3,67.12
11,1,4,67.12
11,1,5,67.12
11,2,1,67.12
11,2,2,67.12
11,2,3,67.12
11,2,4,67.12
11,2,5,67.12
11,3,1,67.12
11,3,2,67.12
11,3,3,67.12
11,3,4,67.12
11,3,5,67.12
11,4,1,67.12
11,4,2,67.12
11,4,3,67.12
11,4,4,67.12
11,4,5,67.12
11,5,1,20.0
11,5,2,20.0
11,5,3,20.0
11,5,4,20.0
11,5,5,20.0
11,6,1,20.0
11,6,2,20.0
11,6,3,20.0
11,6,4,20.0
11,6,5,20.0
11,7,1,20.0
11,7,2,20.0
11,7,3,20.0
11,7,4,20.0
11,7,5,323.2353669463649
11,8,1,20.0
11,8,2,171.50690423425172
11,8,3,20.0
11,8,4,20.0
11,8,5,20.0
11,9,1,20.0
11,9,2,20.0
11,9,3,20.0
11,9,4,20.0
11,9,5,20.0
11,10,1,20.0
11,10,2,101.44620725176333
11,10,3,95.38236663991529
11,10,4,20.0
11,10,5,20.0
11,11,1,112.82166606784514
11,11,2,20.0
11,11,3,20.0
11,11,4,20.0
11,11,5,20.0
11,12,1,20.0
11,12,2,20.0
11,12,3,20.0
11,12,4,77.95117728666341
11,12,5,20.0
11,13,1,20.0
11,13,2,20.0
11,13,3,86.34951847985931
11,13,4,82.66442596108215
11,13,5,92.43496515531734
11,14,1,20.0
11,14,2,47.7429323474052
11,14,3,20.0
11,14,4,20.0
11,14,5,20.0
11,15,1,20.0
11,15,2,20.0
11,15,3,45.1207238168129
11,15,4,20.0
11,15,5,20.0
11,16,1,20.0
11,16,2,20.0
11,16,3,20.0
11,16,4,20.0
11,16,5,20.0
11,17,1,32.00484030248293
11,17,2,20.0
11,17,3,20.0
11,17,4,20.0
11,17,5,20.0
11,18,1,20.0
11,18,2,33.70572020359751
11,18,3,54.345596372791704
11,18,4,20.0
11,18,5,20.0
11,19,1,20.0
11,19,2,20.0
11,19,3,20.0
11,19,4,20.0
11,19,5,20.0
11,20,1,20.0
11,20,2,21.28187043479022
11,20,3,20.0
11,20,4,20.0
11,20,5,42.48107996602252
11,21,1,72.42
11,21,2,72.42
11,21,3,72.42
11,21,4,72.42
11,21,5,72.42
11,22,1,72.42
11,22,2,72.42
11,22,3,72.42
11,22,4,72.42
11,22,5,72.42
11,23,1,72.42
11,23,2,72.42
11,23,3,72.42
11,23,4,72.42
11,23,5,72.42
11,24,1,72.42
11,24,2,72.42
11,24,3,72.42
11,24,4,72.42
11,24,5,72.42
11,25,1,90.97
11,25,2,90.97
11,25,3,90.97
11,25,4,90.97
11,25,5,90.97
11,26,1,90.97
11,26,2,90.97
11,26,3,90.97
11,26,4,90.97
11,26,5,90.97
11,27,1,90.97
11,27,2,90.97
11,27,3,90.97
11,27,4,90.97
11,27,5,90.97
11,28,1,90.97
11,28,2,90.97
11,28,3,90.97
11,28,4,90.97
11,28,5,90.97
11,29,1,101.57
11,29,2,101.57
11,29,3,101.57
11,29,4,101.57
11,29,5,101.57
11,30,1,101.57
11,30,2,101.57
11,30,3,101.57
11,30,4,101.57
11,30,5,101.57
11,31,1,101.57
11,31,2,101.57
11,31,3,101.57
11,31,4,101.57
11,31,5,101.57
11,32,1,101.57
11,32,2,101.57
11,32,3,101.57
11,32,4,101.57
11,32,5,101.57
11,33,1,109.52000000000001
11,33,2,109.52000000000001
11,33,3,109.52000000000001
11,33,4,109.52000000000001
11,33,5,109.52000000000001
11,34,1,109.52000000000001
11,34,2,109.52000000000001
11,34,3,109.52000000000001
11,34,4,109.52000000000001
11,34,5,109.52000000000001
11,35,1,109.52000000000001
11,35,2,109.52000000000001
11,35,3,109.52000000000001
11,35,4,109.52000000000001
11,35,5,109.52000000000001
11,36,1,109.52000000000001
11,36,2,109.52000000000001
11,36,3,109.52000000000001
11,36,4,109.52000000000001
11,36,5,109.52000000000001
11,37,1,109.52000000000001
11,37,2,109.52000000000001
11,37,3,109.52000000000001
11,37,4,109.52000000000001
11,37,5,109.52000000000001
11,38,1,109.52000000000001
11,38,2,109.52000000000001
11,38,3,109.52000000000001
11,38,4,109.52000000000001
11,38,5,109.52000000000001
11,39,1,109.52000000000001
11,39,2,109.52000000000001
11,39,3,109.52000000000001
11,39,4,109.52000000000001
11,39,5,109.52000000000001
11,40,1,109.52000000000001
11,40,2,109.52000000000001
11,40,3,109.52000000000001
11,40,4,109.52000000000001
11,40,5,109.52000000000001
11,41,1,98.92000000000002
11,41,2,98.92000000000002
11,41,3,98.92000000000002
11,41,4,98.92000000000002
11,41,5,98.92000000000002
11,42,1,98.92000000000002
11,42,2,98.92000000000002
11,42,3,98.92000000000002
11,42,4,98.92000000000002
11,42,5,98.92000000000002
11,43,1,98.92000000000002
11,43,2,98.92000000000002
11,43,3,98.92000000000002
11,43,4,98.92000000000002
11,43,5,98.92000000000002
11,44,1,98.92000000000002
11,44,2,98.92000000000002
11,44,3,98.92000000000002
11,44,4,98.92000000000002
11,44,5,98.92000000000002
11,45,1,83.02000000000001
11,45,2,83.02000000000001
11,45,3,83.02000000000001
11,45,4,83.02000000000001
11,45,5,83.02000000000001
11,46,1,83.02000000000001
11,46,2,83.02000000000001
11,46,3,83.02000000000001
11,46,4,83.02000000000001
11,46,5,83.02000000000001
11,47,1,83.02000000000001
11,47,2,83.02000000000001
11,47,3,83.02000000000001
11,47,4,83.02000000000001
11,47,5,83.02000000000001
11,48,1,83.02000000000001
11,48,2,83.02000000000001
11,48,3,83.02000000000001
11,48,4,83.02000000000001
11,48,5,83.02000000000001
12,1,1,0.0
12,1,2,0.0
12,1,3,0.0
12,1,4,0.0
12,1,5,0.0
12,2,1,0.0
12,2,2,0.0
12,2,3,0.0
12,2,4,0.0
12,2,5,0.0
12,3,1,0.0
12,3,2,0.0
12,3,3,0.0
12,3,4,0.0
12,3,5,0.0
12,4,1,0.0
12,4,2,0.0
12,4,3,0.0
12,4,4,0.0
12,4,5,0.0
12,5,1,0.0
12,5,2,0.0
12,5,3,0.0
12,5,4,0.0
12,5,5,0.0
12,6,1,0.0
12,6,2,0.0
12,6,3,0.0
12,6,4,0.0
12,6,5,0.0
12,7,1,0.0
12,7,2,0.0
12,7,3,0.0
12,7,4,0.0
12,7,5,0.0
12,8,1,0.0
12,8,2,0.0
12,8,3,0.0
12,8,4,0.0
12,8,5,0.0
12,9,1,0.0
12,9,2,0.0
12,9,3,0.0
12,9,4,0.0
12,9,5,0.0
12,10,1,0.0
12,10,2,0.0
12,10,3,0.0
12,10,4,0.0
12,10,5,0.0
12,11,1,0.0
12,11,2,0.0
12,11,3,0.0
12,11,4,0.0
12,11,5,0.0
12,12,1,0.0
12,12,2,0.0
12,12,3,0.0
12,12,4,0.0
12,12,5,0.0
12,13,1,0.0
12,13,2,0.0
12,13,3,0.0
12,13,4,0.0
12,13,5,0.0
12,14,1,0.0
12,14,2,0.0
12,14,3,0.0
12,14,4,0.0
12,14,5,0.0
12,15,1,0.0
12,15,2,0.0
12,15,3,0.0
12,15,4,0.0
12,15,5,0.0
12,16,1,0.0
12,16,2,0.0
12,16,3,0.0
12,16,4,0.0
12,16,5,0.0
12,17,1,0.0
12,17,2,0.0
12,17,3,0.0
12,17,4,0.0
12,17,5,0.0
12,18,1,0.0
12,18,2,0.0
12,18,3,0.0
12,18,4,0.0
12,18,5,0.0
12,19,1,0.0
12,19,2,0.0
12,19,3,0.0
12,19,4,0.0
12,19,5,0.0
12,20,1,0.0
12,20,2,0.0
12,20,3,0.0
12,20,4,0.0
12,20,5,0.0
12,21,1,0.0
12,21,2,0.0
12,21,3,0.0
12,21,4,0.0
12,21,5,0.0
12,22,1,0.0
12,22,2,0.0
12,22,3,0.0
12,22,4,0.0
12,22,5,0.0
12,23,1,0.0
12,23,2,0.0
12,23,3,0.0
12,23,4,0.0
12,23,5,0.0
12,24,1,0.0
12,24,2,0.0
12,24,3,0.0
12,24,4,0.0
12,24,5,0.0
12,25,1,0.0
12,25,2,0.0
12,25,3,0.0
12,25,4,0.0
12,25,5,0.0
12,26,1,0.0
12,26,2,0.0
12,26,3,0.0
12,26,4,0.0
12,26,5,0.0
12,27,1,0.0
12,27,2,0.0
12,27,3,0.0
12,27,4,0.0
12,27,5,0.0
12,28,1,0.0
12,28,2,0.0
12,28,3,0.0
12,28,4,0.0
12,28,5,0.0
12,29,1,0.0
12,29,2,0.0
12,29,3,0.0
12,29,4,0.0
12,29,5,0.0
12,30,1,0.0
12,30,2,0.0
12,30,3,0.0
12,30,4,0.0
12,30,5,0.0
12,31,1,0.0
12,31,2,0.0
12,31,3,0.0
12,31,4,0.0
12,31,5,0.0
12,32,1,0.0
12,32,2,0.0
12,32,3,0.0
12,32,4,0.0
12,32,5,0.0
12,33,1,0.0
12,33,2,0.0
12,33,3,0.0
12,33,4,0.0
12,33,5,0.0
12,34,1,0.0
12,34,2,0.0
12,34,3,0.0
12,34,4,0.0
12,34,5,0.0
12,35,1,0.0
12,35,2,0.0
12,35,3,0.0
12,35,4,0.0
12,35,5,0.0
12,36,1,0.0
12,36,2,0.0
12,36,3,0.0
12,36,4,0.0
12,36,5,0.0
12,37,1,0.0
12,37,2,0.0
12,37,3,0.0
12,37,4,0.0
12,37,5,0.0
12,38,1,0.0
12,38,2,0.0
12,38,3,0.0
12,38,4,0.0
12,38,5,0.0
12,39,1,0.0
12,39,2,0.0
12,39,3,0.0
12,39,4,0.0
12,39,5,0.0
12,40,1,0.0
12,40,2,0.0
12,40,3,0.0
12,40,4,0.0
12,40,5,0.0
12,41,1,0.0
12,41,2,0.0
12,41,3,0.0
12,41,4,0.0
12,41,5,0.0
12,42,1,0.0
12,42,2,0.0
12,42,3,0.0
12,42,4,0.0
12,42,5,0.0
12,43,1,0.0
12,43,2,0.0
12,43,3,0.0
12,43,4,0.0
12,43,5,0.0
12,44,1,0.0
12,44,2,0.0
12,44,3,0.0
12,44,4,0.0
12,44,5,0.0
12,45,1,0.0
12,45,2,0.0
12,45,3,0.0
12,45,4,0.0
12,45,5,0.0
12,46,1,0.0
12,46,2,0.0
12,46,3,0.0
12,46,4,0.0
12,46,5,0.0
12,47,1,0.0
12,47,2,0.0
12,47,3,0.0
12,47,4,0.0
12,47,5,0.0
12,48,1,0.0
12,48,2,0.0
12,48,3,0.0
12,48,4,0.0
12,48,5,0.0
13,1,1,65.23070293190132
13,1,2,2.274855597066288
13,1,3,169.95741674009997
13,1,4,58.67667100079569
13,1,5,70.99581373071227
13,2,1,128.68789793251287
13,2,2,98.85094714757575
13,2,3,70.38031015548096
13,2,4,54.50983352019904
13,2,5,19.88655576711782
13,3,1,113.31600267741602
13,3,2,1.644848581933267
13,3,3,71.35196403945659
13,3,4,96.64466925983331
13,3,5,123.37586138219264
13,4,1,89.72918452055855
13,4,2,86.46954835597204
13,4,3,62.24484481269772
13,4,4,84.8147173350517
13,4,5,12.96901357069583
13,5,1,126.4140804492004
13,5,2,225.80033141281868
13,5,3,93.79896933178674
13,5,4,131.83825848748907
13,5,5,160.4689773013047
13,6,1,131.20048857165926
13,6,2,187.7719252308846
13,6,3,136.57557668175602
13,6,4,120.98282179670856
13,6,5,197.5486671897568
13,7,1,110.75244015142405
13,7,2,173.8172461431683
13,7,3,250.4
13,7,4,125.03202151722644
13,7,5,250.4
13,8,1,250.4
13,8,2,250.4
13,8,3,174.90811070494073
13,8,4,158.16734884502173
13,8,5,163.27671905316748
13,9,1,241.64099905101494
13,9,2,238.68162624974622
13,9,3,250.4
13,9,4,173.0106887873507
13,9,5,150.20395824691144
13,10,1,191.23938319377288
13,10,2,250.4
13,10,3,250.4
13,10,4,202.34145940981816
13,10,5,208.31978160616143
13,11,1,250.4
13,11,2,250.4
13,11,3,214.27349284110164
13,11,4,250.4
13,11,5,131.6629960081133
13,12,1,250.4
13,12,2,250.4
13,12,3,206.89820470033274
13,12,4,250.4
13,12,5,183.79738675717329
13,13,1,250.4
13,13,2,140.2421666552488
13,13,3,250.4
13,13,4,250.4
13,13,5,250.4
13,14,1,146.44566165689753
13,14,2,250.4
13,14,3,230.22980108265537
13,14,4,211.97856226248572
13,14,5,201.48841199952076
13,15,1,250.4
13,15,2,186.17187067617783
13,15,3,250.4
13,15,4,239.8449678539625
13,15,5,245.82260202248696
13,16,1,151.98149961788894
13,16,2,144.6133180004669
13,16,3,126.78879190105103
13,16,4,250.4
13,16,5,236.4793530064619
13,17,1,250.4
13,17,2,227.16163665287098
13,17,3,187.26149604660102
13,17,4,221.20156397884875
13,17,5,226.50795752067117
13,18,1,134.18248059426648
13,18,2,250.4
13,18,3,250.4
13,18,4,250.4
13,18,5,149.38674510699968
13,19,1,140.48396238280242
13,19,2,203.90921662764364
13,19,3,167.13541835309724
13,19,4,208.95745747008806
13,19,5,240.59134133177162
13,20,1,168.4068298153371
13,20,2,250.4
13,20,3,206.79228537221655
13,20,4,168.57335631688048
13,20,5,250.4
13,21,1,115.88114692495905
13,21,2,122.65303444693805
13,21,3,165.13170438121315
13,21,4,120.05880295486676
13,21,5,129.16863011093017
13,22,1,121.31958267468073
13,22,2,92.1998508241563
13,22,3,95.9409058451129
13,22,4,105.66625261321025
13,22,5,250.27056630679502
13,23,1,166.86786757649585
13,23,2,67.23523741252404
13,23,3,175.5532216882395
13,23,4,78.7252359201988
13,23,5,219.62752752136447
13,24,1,55.64500936747021
13,24,2,117.99058802247063
13,24,3,76.35316148443044
13,24,4,98.64789980778417
13,24,5,125.51511852743889
13,25,1,148.4385748627963
13,25,2,56.10952544314232
13,25,3,63.77247786548239
13,25,4,109.64541562888682
13,25,5,212.29096361677654
13,26,1,65.20643270536127
13,26,2,70.17189178445165
13,26,3,116.07677912829041
13,26,4,137.71074546356255
13,26,5,105.42507516782968
13,27,1,51.527663534405484
13,27,2,69.70597097594658
13,27,3,56.927442127925
13,27,4,70.97673828264969
13,27,5,123.04010995488865
13,28,1,70.66090522991519
13,28,2,144.93862468947424
13,28,3,178.87780352335892
13,28,4,111.69914759851355
13,28,5,76.25708114698001
13,29,1,105.55937840052363
13,29,2,52.58602676402572
13,29,3,84.65041014902788
13,29,4,58.33956074022757
13,29,5,38.617066887652285
13,30,1,92.39845196598178
13,30,2,74.06398585656217
13,30,3,113.98364107693905
13,30,4,84.6709232638348
13,30,5,99.94257287339653
13,31,1,115.65460520165361
13,31,2,250.4
13,31,3,101.89075013378982
13,31,4,92.31571555794241
13,31,5,63.36917291427501
13,32,1,34.22020905528151
13,32,2,11.85755130431158
13,32,3,22.735017933643775
13,32,4,98.83651438318618
13,32,5,87.11621782947535
13,33,1,151.1154686352374
13,33,2,55.45321138013702
13,33,3,68.13063698631831
13,33,4,5.285302271135909
13,33,5,108.59783179614944
13,34,1,34.557592701205735
13,34,2,46.283127973341045
13,34,3,38.289039927575175
13,34,4,11.081209334117187
13,34,5,33.36734107789736
13,35,1,75.8146479627008
13,35,2,34.52764828066738
13,35,3,42.07727302439193
13,35,4,14.14386330507968
13,35,5,42.63462631830245
13,36,1,41.968756102792
13,36,2,84.49654228679479
13,36,3,45.079456763301074
13,36,4,38.14345108293654
13,36,5,9.567740344918306
13,37,1,50.783737958696285
13,37,2,64.23056359156888
13,37,3,68.45469314866634
13,37,4,43.06624815078346
13,37,5,109.82684179376436
13,38,1,22.7831306470215
13,38,2,21.819597250454496
13,38,3,36.410537060339465
13,38,4,33.16315667595532
13,38,5,188.31295453104354
13,39,1,67.05158398073351
13,39,2,38.22502442889532
13,39,3,79.87519393615322
13,39,4,44.2604231742377
13,39,5,48.33044022541789
13,40,1,33.419259156387724
13,40,2,12.910019850963836
13,40,3,52.43673807246744
13,40,4,50.48339549900244
13,40,5,31.309156039927405
13,41,1,87.13596840937075
13,41,2,42.62703429382008
13,41,3,143.3926586567073
13,41,4,46.06137637500454
13,41,5,122.18284342115051
13,42,1,49.29531580220206
13,42,2,42.99685103792363
13,42,3,55.051448039232426
13,42,4,57.535683439242696
13,42,5,80.01679698212847
13,43,1,9.957560649356116
13,43,2,79.80546744746337
13,43,3,12.810627596103133
13,43,4,47.124554208412796
13,43,5,60.457028659839814
13,44,1,57.4954789966741
13,44,2,50.74188197392736
13,44,3,42.67914800963664
13,44,4,74.46582314297109
13,44,5,54.60218554245776
13,45,1,45.092911931794326
13,45,2,96.81595709928428
13,45,3,62.028413937818144
13,45,4,88.24616767356888
13,45,5,0.7749508293402169
13,46,1,59.470156691373994
13,46,2,250.4
13,46,3,209.4867703953134
13,46,4,80.61025589319183
13,46,5,11.88962490940515
13,47,1,13.26597565131732
13,47,2,44.40824476276361
13,47,3,107.9406274387175
13,47,4,6.2496078170001
13,47,5,5.709642779273855
13,48,1,125.45712028245599
13,48,2,54.80735686495291
13,48,3,149.05145361438284
13,48,4,88.52970609940115
13,48,5,7.51031311029829
14,1,1,0.0
14,1,2,0.0
14,1,3,0.0
14,1,4,0.0
14,1,5,0.0
14,2,1,0.0
14,2,2,0.0
14,2,3,0.0
14,2,4,0.0
14,2,5,0.0
14,3,1,0.0
14,3,2,0.0
14,3,3,0.0
14,3,4,0.0
14,3,5,0.0
14,4,1,0.0
14,4,2,0.0
14,4,3,0.0
14,4,4,0.0
14,4,5,0.0
14,5,1,0.0
14,5,2,0.0
14,5,3,0.0
14,5,4,0.0
14,5,5,0.0
14,6,1,0.0
14,6,2,0.0
14,6,3,0.0
14,6,4,0.0
14,6,5,0.0
14,7,1,0.0
14,7,2,0.0
14,7,3,0.0
14,7,4,0.0
14,7,5,0.0
14,8,1,0.0
14,8,2,0.0
14,8,3,0.0
14,8,4,0.0
14,8,5,0.0
14,9,1,0.0
14,9,2,0.0
14,9,3,0.0
14,9,4,0.0
14,9,5,0.0
14,10,1,0.0
14,10,2,0.0
14,10,3,0.0
14,10,4,0.0
14,10,5,0.0
14,11,1,0.0
14,11,2,0.0
14,11,3,0.0
14,11,4,0.0
14,11,5,0.0
14,12,1,0.0
14,12,2,0.0
14,12,3,0.0
14,12,4,0.0
14,12,5,0.0
14,13,1,0.0
14,13,2,0.0
14,13,3,0.0
14,13,4,0.0
14,13,5,0.0
14,14,1,0.0
14,14,2,0.0
14,14,3,0.0
14,14,4,0.0
14,14,5,0.0
14,15,1,0.0
14,15,2,0.0
14,15,3,0.0
14,15,4,0.0
14,15,5,0.0
14,16,1,0.0
14,16,2,0.0
14,16,3,0.0
14,16,4,0.0
14,16,5,0.0
14,17,1,0.0
14,17,2,0.0
14,17,3,0.0
14,17,4,0.0
14,17,5,0.0
14,18,1,0.0
14,18,2,0.0
14,18,3,0.0
14,18,4,0.0
14,18,5,0.0
14,19,1,0.0
14,19,2,0.0
14,19,3,0.0
14,19,4,0.0
14,19,5,0.0
14,20,1,0.0
14,20,2,0.0
14,20,3,0.0
14,20,4,0.0
14,20,5,0.0
14,21,1,0.0
14,21,2,0.0
14,21,3,0.0
14,21,4,0.0
14,21,5,0.0
14,22,1,0.0
14,22,2,0.0
14,22,3,0.0
14,22,4,0.0
14,22,5,0.0
14,23,1,0.0
14,23,2,0.0
14,23,3,0.0
14,23,4,0.0
14,23,5,0.0
14,24,1,0.0
14,24,2,0.0
14,24,3,0.0
14,24,4,0.0
14,24,5,0.0
14,25,1,0.0
14,25,2,0.0
14,25,3,0.0
14,25,4,0.0
14,25,5,0.0
14,26,1,0.0
14,26,2,0.0
14,26,3,0.0
14,26,4,0.0
14,26,5,0.0
14,27,1,0.0
14,27,2,0.0
14,27,3,0.0
14,27,4,0.0
14,27,5,0.0
14,28,1,0.0
14,28,2,0.0
14,28,3,0.0
14,28,4,0.0
14,28,5,0.0
14,29,1,0.0
14,29,2,0.0
14,29,3,0.0
14,29,4,0.0
14,29,5,0.0
14,30,1,0.0
14,30,2,0.0
14,30,3,0.0
14,30,4,0.0
14,30,5,0.0
14,31,1,0.0
14,31,2,0.0
14,31,3,0.0
14,31,4,0.0
14,31,5,0.0
14,32,1,0.0
14,32,2,0.0
14,32,3,0.0
14,32,4,0.0
14,32,5,0.0
14,33,1,0.0
14,33,2,0.0
14,33,3,0.0
14,33,4,0.0
14,33,5,0.0
14,34,1,0.0
14,34,2,0.0
14,34,3,0.0
14,34,4,0.0
14,34,5,0.0
14,35,1,0.0
14,35,2,0.0
14,35,3,0.0
14,35,4,0.0
14,35,5,0.0
14,36,1,0.0
14,36,2,0.0
14,36,3,0.0
14,36,4,0.0
14,36,5,0.0
14,37,1,0.0
14,37,2,0.0
14,37,3,0.0
14,37,4,0.0
14,37,5,0.0
14,38,1,0.0
14,38,2,0.0
14,38,3,0.0
14,38,4,0.0
14,38,5,0.0
14,39,1,0.0
14,39,2,0.0
14,39,3,0.0
14,39,4,0.0
14,39,5,0.0
14,40,1,0.0
14,40,2,0.0
14,40,3,0.0
14,40,4,0.0
14,40,5,0.0
14,41,1,0.0
14,41,2,0.0
14,41,3,0.0
14,41,4,0.0
14,41,5,0.0
14,42,1,0.0
14,42,2,0.0
14,42,3,0.0
14,42,4,0.0
14,42,5,0.0
14,43,1,0.0
14,43,2,0.0
14,43,3,0.0
14,43,4,0.0
14,43,5,0.0
14,44,1,0.0
14,44,2,0.0
14,44,3,0.0
14,44,4,0.0
14,44,5,0.0
14,45,1,0.0
14,45,2,0.0
14,45,3,0.0
14,45,4,0.0
14,45,5,0.0
14,46,1,0.0
14,46,2,0.0
14,46,3,0.0
14,46,4,0.0
14,46,5,0.0
14,47,1,0.0
14,47,2,0.0
14,47,3,0.0
14,47,4,0.0
14,47,5,0.0
14,48,1,0.0
14,48,2,0.0
14,48,3,0.0
14,48,4,0.0
14,48,5,0.0
15,1,1,20.0
15,1,2,20.0
15,1,3,20.0
15,1,4,20.0
15,1,5,20.0
15,2,1,20.0
15,2,2,20.0
15,2,3,20.0
15,2,4,20.0
15,2,5,20.0
15,3,1,20.0
15,3,2,20.0
15,3,3,20.0
15,3,4,20.0
15,3,5,20.0
15,4,1,20.0
15,4,2,20.0
15,4,3,20.0
15,4,4,20.0
15,4,5,20.0
15,5,1,20.0
15,5,2,20.0
15,5,3,20.0
15,5,4,20.0
15,5,5,20.0
15,6,1,20.0
15,6,2,20.0
15,6,3,20.0
15,6,4,20.0
15,6,5,20.0
15,7,1,20.0
15,7,2,20.0
15,7,3,20.0
15,7,4,20.0
15,7,5,20.0
15,8,1,20.0
15,8,2,20.0
15,8,3,20.0
15,8,4,20.0
15,8,5,20.0
15,9,1,20.0
15,9,2,20.0
15,9,3,20.0
15,9,4,20.0
15,9,5,20.0
15,10,1,20.0
15,10,2,20.0
15,10,3,20.0
15,10,4,20.0
15,10,5,20.0
15,11,1,20.0
15,11,2,20.0
15,11,3,20.0
15,11,4,20.0
15,11,5,20.0
15,12,1,20.0
15,12,2,20.0
15,12,3,20.0
15,12,4,20.0
15,12,5,20.0
15,13,1,20.0
15,13,2,20.0
15,13,3,20.0
15,13,4,20.0
15,13,5,20.0
15,14,1,20.0
15,14,2,20.0
15,14,3,20.0
15,14,4,20.0
15,14,5,20.0
15,15,1,20.0
15,15,2,20.0
15,15,3,20.0
15,15,4,20.0
15,15,5,20.0
15,16,1,20.0
15,16,2,20.0
15,16,3,20.0
15,16,4,20.0
15,16,5,20.0
15,17,1,20.0
15,17,2,20.0
15,17,3,20.0
15,17,4,20.0
15,17,5,20.0
15,18,1,20.0
15,18,2,20.0
15,18,3,20.0
15,18,4,20.0
15,18,5,20.0
15,19,1,20.0
15,19,2,20.0
15,19,3,20.0
15,19,4,20.0
15,19,5,20.0
15,20,1,20.0
15,20,2,20.0
15,20,3,20.0
15,20,4,20.0
15,20,5,20.0
15,21,1,20.0
15,21,2,20.0
15,21,3,20.0
15,21,4,20.0
15,21,5,20.0
15,22,1,20.0
15,22,2,20.0
15,22,3,20.0
15,22,4,20.0
15,22,5,20.0
15,23,1,20.0
15,23,2,20.0
15,23,3,20.0
15,23,4,20.0
15,23,5,20.0
15,24,1,20.0
15,24,2,20.0
15,24,3,20.0
15,24,4,20.0
15,24,5,20.0
15,25,1,20.0
15,25,2,20.0
15,25,3,20.0
15,25,4,20.0
15,25,5,20.0
15,26,1,20.0
15,26,2,20.0
15,26,3,20.0
15,26,4,20.0
15,26,5,20.0
15,27,1,20.0
15,27,2,20.0
15,27,3,20.0
15,27,4,20.0
15,27,5,20.0
15,28,1,20.0
15,28,2,20.0
15,28,3,20.0
15,28,4,20.0
15,28,5,20.0
15,29,1,20.0
15,29,2,20.0
15,29,3,20.0
15,29,4,20.0
15,29,5,20.0
15,30,1,20.0
15,30,2,20.0
15,30,3,20.0
15,30,4,20.0
15,30,5,20.0
15,31,1,20.0
15,31,2,20.0
15,31,3,20.0
15,31,4,20.0
15,31,5,20.0
15,32,1,20.0
15,32,2,20.0
15,32,3,20.0
15,32,4,20.0
15,32,5,20.0
15,33,1,20.0
15,33,2,20.0
15,33,3,20.0
15,33,4,20.0
15,33,5,20.0
15,34,1,20.0
15,34,2,20.0
15,34,3,20.0
15,34,4,20.0
15,34,5,20.0
15,35,1,20.0
15,35,2,20.0
15,35,3,20.0
15,35,4,20.0
15,35,5,20.0
15,36,1,20.0
15,36,2,20.0
15,36,3,20.0
15,36,4,20.0
15,36,5,20.0
15,37,1,20.0
15,37,2,20.0
15,37,3,20.0
15,37,4,20.0
15,37,5,20.0
15,38,1,20.0
15,38,2,20.0
15,38,3,20.0
15,38,4,20.0
15,38,5,20.0
15,39,1,20.0
15,39,2,20.0
15,39,3,20.0
15,39,4,20.0
15,39,5,20.0
15,40,1,20.0
15,40,2,20.0
15,40,3,20.0
15,40,4,20.0
15,40,5,20.0
15,41,1,20.0
15,41,2,20.0
15,41,3,20.0
15,41,4,20.0
15,41,5,20.0
15,42,1,20.0
15,42,2,20.0
15,42,3,20.0
15,42,4,20.0
15,42,5,20.0
15,43,1,20.0
15,43,2,20.0
15,43,3,20.0
15,43,4,20.0
15,43,5,20.0
15,44,1,20.0
15,44,2,20.0
15,44,3,20.0
15,44,4,20.0
15,44,5,20.0
15,45,1,20.0
15,45,2,20.0
15,45,3,20.0
15,45,4,20.0
15,45,5,20.0
15,46,1,20.0
15,46,2,20.0
15,46,3,20.0
15,46,4,20.0
15,46,5,20.0
15,47,1,20.0
15,47,2,20.0
15,47,3,20.0
15,47,4,20.0
15,47,5,20.0
15,48,1,20.0
15,48,2,20.0
15,48,3,20.0
15,48,4,20.0
15,48,5,20.0
16,1,1,47.0
16,1,2,47.0
16,1,3,47.0
16,1,4,47.0
16,1,5,47.0
16,2,1,47.0
16,2,2,47.0
16,2,3,47.0
16,2,4,47.0
16,2,5,47.0
16,3,1,47.0
16,3,2,47.0
16,3,3,47.0
16,3,4,47.0
16,3,5,47.0
16,4,1,47.0
16,4,2,47.0
16,4,3,47.0
16,4,4,47.0
16,4,5,47.0
16,5,1,47.0
16,5,2,47.0
16,5,3,47.0
16,5,4,47.0
16,5,5,47.0
16,6,1,47.0
16,6,2,47.0
16,6,3,47.0
16,6,4,47.0
16,6,5,47.0
16,7,1,47.0
16,7,2,47.0
16,7,3,47.0
16,7,4,47.0
16,7,5,47.0
16,8,1,47.0
16,8,2,47.0
16,8,3,47.0
16,8,4,47.0
16,8,5,47.0
16,9,1,47.0
16,9,2,47.0
16,9,3,47.0
16,9,4,47.0
16,9,5,47.0
16,10,1,47.0
16,10,2,47.0
16,10,3,47.0
16,10,4,47.0
16,10,5,47.0
16,11,1,47.0
16,11,2,47.0
16,11,3,47.0
16,11,4,47.0
16,11,5,47.0
16,12,1,47.0
16,12,2,47.0
16,12,3,47.0
16,12,4,47.0
16,12,5,47.0
16,13,1,47.0
16,13,2,47.0
16,13,3,47.0
16,13,4,47.0
16,13,5,47.0
16,14,1,47.0
16,14,2,47.0
16,14,3,47.0
16,14,4,47.0
16,14,5,47.0
16,15,1,47.0
16,15,2,47.0
16,15,3,47.0
16,15,4,47.0
16,15,5,47.0
16,16,1,47.0
16,16,2,47.0
16,16,3,47.0
16,16,4,47.0
16,16,5,47.0
16,17,1,47.0
16,17,2,47.0
16,17,3,47.0
16,17,4,47.0
16,17,5,47.0
16,18,1,47.0
16,18,2,47.0
16,18,3,47.0
16,18,4,47.0
16,18,5,47.0
16,19,1,47.0
16,19,2,47.0
16,19,3,47.0
16,19,4,47.0
16,19,5,47.0
16,20,1,47.0
16,20,2,47.0
16,20,3,47.0
16,20,4,47.0
16,20,5,47.0
16,21,1,47.0
16,21,2,47.0
16,21,3,47.0
16,21,4,47.0
16,21,5,47.0
16,22,1,47.0
16,22,2,47.0
16,22,3,47.0
16,22,4,47.0
16,22,5,47.0
16,23,1,47.0
16,23,2,47.0
16,23,3,47.0
16,23,4,47.0
16,23,5,47.0
16,24,1,47.0
16,24,2,47.0
16,24,3,47.0
16,24,4,47.0
16,24,5,47.0
16,25,1,47.0
16,25,2,47.0
16,25,3,47.0
16,25,4,47.0
16,25,5,47.0
16,26,1,47.0
16,26,2,47.0
16,26,3,47.0
16,26,4,47.0
16,26,5,47.0
16,27,1,47.0
16,27,2,47.0
16,27,3,47.0
16,27,4,47.0
16,27,5,47.0
16,28,1,47.0
16,28,2,47.0
16,28,3,47.0
16,28,4,47.0
16,28,5,47.0
16,29,1,47.0
16,29,2,47.0
16,29,3,47.0
16,29,4,47.0
16,29,5,47.0
16,30,1,47.0
16,30,2,47.0
16,30,3,47.0
16,30,4,47.0
16,30,5,47.0
16,31,1,47.0
16,31,2,47.0
16,31,3,47.0
16,31,4,47.0
16,31,5,47.0
16,32,1,47.0
16,32,2,47.0
16,32,3,47.0
16,32,4,47.0
16,32,5,47.0
16,33,1,47.0
16,33,2,47.0
16,33,3,47.0
16,33,4,47.0
16,33,5,47.0
16,34,1,47.0
16,34,2,47.0
16,34,3,47.0
16,34,4,47.0
16,34,5,47.0
16,35,1,47.0
16,35,2,47.0
16,35,3,47.0
16,35,4,47.0
16,35,5,47.0
16,36,1,47.0
16,36,2,47.0
16,36,3,47.0
16,36,4,47.0
16,36,5,47.0
16,37,1,47.0
16,37,2,47.0
16,37,3,47.0
16,37,4,47.0
16,37,5,47.0
16,38,1,47.0
16,38,2,47.0
16,38,3,47.0
16,38,4,47.0
16,38,5,47.0
16,39,1,47.0
16,39,2,47.0
16,39,3,47.0
16,39,4,47.0
16,39,5,47.0
16,40,1,47.0
16,40,2,47.0
16,40,3,47.0
16,40,4,47.0
16,40,5,47.0
16,41,1,47.0
16,41,2,47.0
16,41,3,47.0
16,41,4,47.0
16,41,5,47.0
16,42,1,47.0
16,42,2,47.0
16,42,3,47.0
16,42,4,47.0
16,42,5,47.0
16,43,1,47.0
16,43,2,47.0
16,43,3,47.0
16,43,4,47.0
16,43,5,47.0
16,44,1,47.0
16,44,2,47.0
16,44,3,47.0
16,44,4,47.0
16,44,5,47.0
16,45,1,47.0
16,45,2,47.0
16,45,3,47.0
16,45,4,47.0
16,45,5,47.0
16,46,1,47.0
16,46,2,47.0
16,46,3,47.0
16,46,4,47.0
16,46,5,47.0
16,47,1,47.0
16,47,2,47.0
16,47,3,47.0
16,47,4,47.0
16,47,5,47.0
16,48,1,47.0
16,48,2,47.0
16,48,3,47.0
16,48,4,47.0
16,48,5,47.0
