Semana,Temporada,Central,Caudal_m3s
1,1,1,12.384602670581746
1,1,2,7.053563759295656
1,1,3,90.94295036858765
1,1,4,19.01287663187057
1,1,5,82.12501545597043
1,1,6,54.46308711071358
1,1,7,7.78565196087696
1,1,8,95.54481914380675
2,1,1,24.696116699189254
2,1,2,85.96453453526065
2,1,3,16.88100057845642
2,1,4,85.39428821418528
2,1,5,1.3228812905293985
2,1,6,51.178045656948065
2,1,7,76.94425794215569
2,1,8,93.47955174927833
3,1,1,90.92021362064871
3,1,2,81.96248695476449
3,1,3,88.8191349661304
3,1,4,19.92196858370765
3,1,5,28.418429571172876
3,1,6,28.89685249210585
3,1,7,37.70539310016988
3,1,8,39.33206703851887
4,1,1,54.45553246546755
4,1,2,15.987976336644138
4,1,3,69.12466637859893
4,1,4,16.75665393045065
4,1,5,31.030848210454753
4,1,6,50.33451306061541
4,1,7,79.64405615234773
4,1,8,73.94692332387272
5,1,1,64.55343564105223
5,1,2,15.577326058017016
5,1,3,54.70453456155777
5,1,4,8.744650179988545
5,1,5,37.73631767966508
5,1,6,41.35165302899592
5,1,7,3.9811439445753827
5,1,8,27.398809946997183
6,1,1,95.56494672664894
6,1,2,95.36326078296895
6,1,3,35.23270542525393
6,1,4,4.310010894832406
6,1,5,17.909493932818155
6,1,6,39.221779343354015
6,1,7,94.77796979692297
6,1,8,14.119906353718491
7,1,1,76.35158436682123
7,1,2,10.868253937469207
7,1,3,98.12575773912768
7,1,4,38.161649910913496
7,1,5,77.5234538899056
7,1,6,34.259108281113186
7,1,7,62.76688771588087
7,1,8,19.201608474003674
8,1,1,14.602101929696254
8,1,2,93.80641395681313
8,1,3,91.76472779044335
8,1,4,88.74689402128824
8,1,5,62.543345016659345
8,1,6,80.82682112162783
8,1,7,6.903693691137491
8,1,8,33.47890418906792
9,1,1,31.37031247571562
9,1,2,63.56453219526132
9,1,3,35.59577734706405
9,1,4,14.85067816436808
9,1,5,59.646707541354374
9,1,6,81.43839206690815
9,1,7,38.21234944599732
9,1,8,13.22687150984817
10,1,1,19.668819731282305
10,1,2,23.7483305169384
10,1,3,29.989759299453624
10,1,4,64.27950705063091
10,1,5,60.0945484537719
10,1,6,69.60798615670392
10,1,7,36.25019845315131
10,1,8,82.39976518799783
11,1,1,20.40876611557603
11,1,2,46.90407475181539
11,1,3,80.09387215414303
11,1,4,18.015864773261924
11,1,5,10.986311374078294
11,1,6,88.36839676879897
11,1,7,34.29296627591959
11,1,8,68.3870124909032
12,1,1,2.534860426393848
12,1,2,69.00468884094497
12,1,3,31.61013115469705
12,1,4,5.574085358744174
12,1,5,60.9812761548117
12,1,6,24.080381607317324
12,1,7,38.680724205188
12,1,8,8.058081228651359
13,1,1,14.716325109494532
13,1,2,29.797723549584376
13,1,3,8.975950056015714
13,1,4,91.08262646863152
13,1,5,0.6047043183978418
13,1,6,48.38602188643114
13,1,7,12.324745813255145
13,1,8,30.767908947794854
14,1,1,92.60595598182655
14,1,2,16.169455327398687
14,1,3,96.58323197183326
14,1,4,20.579437698942172
14,1,5,74.15661084668295
14,1,6,54.66772648973117
14,1,7,88.44787275967592
14,1,8,55.399325550313094
15,1,1,53.45592191563087
15,1,2,19.54580003683999
15,1,3,16.62293620516587
15,1,4,91.64891511155142
15,1,5,32.78381988500341
15,1,6,37.20822549628959
15,1,7,75.98236584283885
15,1,8,33.882348242280734
16,1,1,95.20624466390028
16,1,2,73.79277689988002
16,1,3,59.742924257342
16,1,4,88.08951605447525
16,1,5,4.960590834948276
16,1,6,25.706269218920873
16,1,7,46.50363342209099
16,1,8,22.6978539471521
17,1,1,74.39051873021519
17,1,2,91.92080310537251
17,1,3,42.37701199309234
17,1,4,34.2132600111895
17,1,5,96.15507321375662
17,1,6,44.485243282754084
17,1,7,48.90484004492832
17,1,8,35.164987234190534
18,1,1,90.95484730121383
18,1,2,56.89554832818507
18,1,3,76.21745871816447
18,1,4,81.18067183508863
18,1,5,34.18490419172582
18,1,6,43.369433132038004
18,1,7,84.84717744062647
18,1,8,36.32553516758102
19,1,1,79.39351334518513
19,1,2,94.09923225744372
19,1,3,62.3210373068007
19,1,4,74.16272874518889
19,1,5,80.50973120411349
19,1,6,84.50396488966425
19,1,7,39.505333785679596
19,1,8,5.126345917599817
20,1,1,40.187627123673956
20,1,2,67.37562297840898
20,1,3,45.03503857807928
20,1,4,74.89631508603985
20,1,5,35.69824294686639
20,1,6,63.474414110402954
20,1,7,18.641980485397458
20,1,8,74.93694366449569
21,1,1,54.56959688130259
21,1,2,20.40643885466006
21,1,3,29.191117349780725
21,1,4,74.86087085818323
21,1,5,48.26012356615207
21,1,6,21.60314403930722
21,1,7,96.72711903702977
21,1,8,71.51250198168879
22,1,1,95.71348325397962
22,1,2,42.71050453603432
22,1,3,47.51003406917205
22,1,4,89.79552161850192
22,1,5,52.504934024538464
22,1,6,70.72789119056672
22,1,7,25.217287749552998
22,1,8,44.67264687026405
23,1,1,12.34498658103551
23,1,2,20.59800358769617
23,1,3,0.0943415267631087
23,1,4,3.926505164866023
23,1,5,97.72838231769293
23,1,6,24.23536951367623
23,1,7,66.33107095040019
23,1,8,83.90996987996115
24,1,1,55.066045923656425
24,1,2,15.31445000839562
24,1,3,72.81164373361663
24,1,4,60.025141009958304
24,1,5,73.12505893473751
24,1,6,76.97466228570872
24,1,7,97.54103676847451
24,1,8,57.356328002671
25,1,1,34.164111269060186
25,1,2,64.8464556900237
25,1,3,6.844070924262613
25,1,4,89.73973183215863
25,1,5,11.938101133819679
25,1,6,32.784283788581824
25,1,7,81.57453806261209
25,1,8,59.731237833071184
26,1,1,39.363552027744205
26,1,2,47.34356593750214
26,1,3,85.45473932021804
26,1,4,34.00043860598922
26,1,5,86.96496848121713
26,1,6,8.813443097669149
26,1,7,77.67984372086308
26,1,8,84.75476330547363
27,1,1,18.181765283733874
27,1,2,43.03465323722004
27,1,3,16.54997746636556
27,1,4,70.66041289942177
27,1,5,53.534776806165674
27,1,6,63.5323346708321
27,1,7,19.648696695621116
27,1,8,21.17458620524195
28,1,1,4.149732550990636
28,1,2,32.20675351957297
28,1,3,55.97446613336749
28,1,4,85.79349139973289
28,1,5,66.69274474586807
28,1,6,43.53963233997514
28,1,7,95.31201143941378
28,1,8,71.92452005758318
29,1,1,93.016520286255
29,1,2,52.75879732721657
29,1,3,25.89042747931396
29,1,4,5.282668636472199
29,1,5,72.60848514838504
29,1,6,12.130299800553413
29,1,7,30.277512827196716
29,1,8,53.24709078838974
30,1,1,56.441658777974766
30,1,2,60.0583196987136
30,1,3,16.625533034970065
30,1,4,37.97374048216488
30,1,5,61.71942271169667
30,1,6,96.98188646337847
30,1,7,72.76311376996887
30,1,8,92.26037570939579
31,1,1,76.2212058314177
31,1,2,59.171696889240046
31,1,3,19.202336913634454
31,1,4,66.66856518925131
31,1,5,62.337956595990704
31,1,6,60.24691704572665
31,1,7,48.978586798824075
31,1,8,52.86566039892756
32,1,1,33.44425271181041
32,1,2,51.931269264230316
32,1,3,19.755590567847825
32,1,4,80.51743973603767
32,1,5,18.577695469870783
32,1,6,8.496628988946641
32,1,7,43.62460263571574
32,1,8,65.83074395060619
33,1,1,43.771682493354135
33,1,2,27.67541319513086
33,1,3,55.817118389044076
33,1,4,34.700233541219994
33,1,5,93.28676901266331
33,1,6,92.2645139603572
33,1,7,50.23718199720955
33,1,8,32.78839940182585
34,1,1,73.71324139566391
34,1,2,3.671294348306664
34,1,3,47.47690060436513
34,1,4,33.63233942703335
34,1,5,92.05358851025547
34,1,6,1.2003027272682543
34,1,7,55.28148757183491
34,1,8,74.0663581066626
35,1,1,48.50179875240413
35,1,2,8.540303016272166
35,1,3,97.24613900279022
35,1,4,51.801043137609796
35,1,5,61.41862443190114
35,1,6,23.660978270750732
35,1,7,48.34980851068038
35,1,8,42.914949195832186
36,1,1,7.489584200198374
36,1,2,10.616035354746723
36,1,3,83.74725196187745
36,1,4,23.981995220659023
36,1,5,19.495827149863054
36,1,6,50.49114512501392
36,1,7,76.87471313625129
36,1,8,6.194651857898792
37,1,1,57.680791963825584
37,1,2,11.921044284057336
37,1,3,3.6461050825618457
37,1,4,5.274395216221739
37,1,5,83.41641082084413
37,1,6,11.797248362806156
37,1,7,4.515136441229195
37,1,8,43.789988714291226
38,1,1,84.39934719420248
38,1,2,26.240837648930192
38,1,3,42.17126175259164
38,1,4,3.9922532563751223
38,1,5,44.907851413487585
38,1,6,57.761308063713365
38,1,7,57.090705375214476
38,1,8,33.242669217436514
39,1,1,31.55331806631355
39,1,2,10.662361893659789
39,1,3,36.67983206462684
39,1,4,9.949466887296465
39,1,5,76.65959447120517
39,1,6,96.62742977481858
39,1,7,97.00744566667069
39,1,8,86.50710993753938
40,1,1,60.07921493396191
40,1,2,70.086569724388
40,1,3,28.520580268041407
40,1,4,63.077042017262066
40,1,5,45.56495494398774
40,1,6,48.20173397769325
40,1,7,75.7776560375158
40,1,8,28.191835559725163
41,1,1,31.803961169451988
41,1,2,92.46417911286366
41,1,3,5.622429485097225
41,1,4,48.56342984133404
41,1,5,91.28008004078617
41,1,6,61.0363007818157
41,1,7,54.64070742121321
41,1,8,24.974417922935523
42,1,1,34.327548906444825
42,1,2,85.20484158046929
42,1,3,55.921813176845816
42,1,4,51.47421937567799
42,1,5,9.957971354002893
42,1,6,1.6028156455123121
42,1,7,96.36851886870491
42,1,8,37.698616728684165
43,1,1,60.32130620995043
43,1,2,7.971507318728499
43,1,3,68.31142857230465
43,1,4,93.2566708705961
43,1,5,57.56652529974197
43,1,6,12.611532237541056
43,1,7,58.172152747347674
43,1,8,76.63472131046524
44,1,1,40.64165365740187
44,1,2,87.98377479414678
44,1,3,64.86829533573645
44,1,4,89.92489182892025
44,1,5,62.35053112473372
44,1,6,13.128797200482422
44,1,7,30.96917111051891
44,1,8,20.17949482524569
45,1,1,90.88264977168623
45,1,2,76.04000672874827
45,1,3,67.6398368910006
45,1,4,30.096631963162167
45,1,5,18.40447720502135
45,1,6,75.64510879889119
45,1,7,47.41579458790797
45,1,8,22.578955215062912
46,1,1,61.66219781652751
46,1,2,4.0333852138451975
46,1,3,32.61702541282535
46,1,4,46.85569945911347
46,1,5,14.795833410940585
46,1,6,98.46544775908396
46,1,7,20.909736458961426
46,1,8,13.035313004326554
47,1,1,20.35348738868964
47,1,2,76.90611331597242
47,1,3,42.55056592718428
47,1,4,56.541593975253804
47,1,5,2.1009156986360744
47,1,6,3.4431308573314556
47,1,7,44.582554982701616
47,1,8,81.66552432016235
48,1,1,88.52388787075652
48,1,2,8.670656759564022
48,1,3,53.836310210102276
48,1,4,91.32296862792705
48,1,5,38.797275439788635
48,1,6,82.95658314283686
48,1,7,13.36956543994362
48,1,8,93.53944896677987
1,2,1,75.14233175313026
1,2,2,94.13343927869016
1,2,3,67.66172335525064
1,2,4,36.3403931999427
1,2,5,93.81811725247225
1,2,6,27.556677630917846
1,2,7,33.21725220617326
1,2,8,70.08084180017403
2,2,1,76.53162995253862
2,2,2,92.94034838491538
2,2,3,20.48024090562095
2,2,4,79.7998035219224
2,2,5,73.85460533969635
2,2,6,6.379455625359787
2,2,7,38.722314121020695
2,2,8,28.27654570600986
3,2,1,30.44904243540304
3,2,2,98.29468795547008
3,2,3,64.27774134799279
3,2,4,71.76761577934995
3,2,5,97.66176373150091
3,2,6,37.72017824576387
3,2,7,80.1840168452806
3,2,8,43.45309633044954
4,2,1,86.95336718149798
4,2,2,18.06575413113032
4,2,3,94.76861770642796
4,2,4,21.877170841087967
4,2,5,32.622050698093155
4,2,6,75.61922341067805
4,2,7,39.37551415654067
4,2,8,60.82113767664467
5,2,1,44.45735010694285
5,2,2,74.23699370897819
5,2,3,22.833125236861086
5,2,4,5.8457987236877
5,2,5,29.992939747306625
5,2,6,47.43086648684303
5,2,7,16.80200521926786
5,2,8,35.47972896563887
6,2,1,39.998301829356855
6,2,2,5.739184368827354
6,2,3,58.33072481842046
6,2,4,88.43434279712875
6,2,5,15.174291295305242
6,2,6,59.7808013401514
6,2,7,66.47392049108463
6,2,8,41.93346804192883
7,2,1,70.109758736427
7,2,2,41.0731543491012
7,2,3,50.46372879774349
7,2,4,0.735304455442698
7,2,5,69.17201141346888
7,2,6,66.13426789447244
7,2,7,3.8400877326344562
7,2,8,36.82501073951331
8,2,1,97.90318407916673
8,2,2,42.07365625686168
8,2,3,50.19454051318417
8,2,4,90.99301581597186
8,2,5,71.72618758657563
8,2,6,58.20701311242236
8,2,7,79.78046813410725
8,2,8,86.43662664559733
9,2,1,45.68880717372669
9,2,2,47.51083649318354
9,2,3,38.60509356518358
9,2,4,96.67061400184606
9,2,5,69.71662542903503
9,2,6,8.322306620807229
9,2,7,86.29596233130185
9,2,8,48.05599408362681
10,2,1,6.875390642248746
10,2,2,54.971725516331105
10,2,3,41.716427897570206
10,2,4,87.7749404862625
10,2,5,20.399460360938736
10,2,6,82.6464609492183
10,2,7,55.768869118545275
10,2,8,5.461030321346905
11,2,1,97.18453013254846
11,2,2,51.26152441031999
11,2,3,29.08768542315825
11,2,4,46.94068419892581
11,2,5,85.7857783517489
11,2,6,30.49031243850635
11,2,7,19.26763964867003
11,2,8,12.907124693088146
12,2,1,29.785939839021125
12,2,2,78.00480870400435
12,2,3,47.16263651952617
12,2,4,22.748160369353997
12,2,5,16.61849996097492
12,2,6,33.27294765103791
12,2,7,93.99243728857088
12,2,8,34.30267125900244
13,2,1,98.81240759546354
13,2,2,48.523045576535615
13,2,3,17.916391829015087
13,2,4,89.11400917935094
13,2,5,46.03553731348269
13,2,6,70.96713435045244
13,2,7,98.37115832091517
13,2,8,5.0175350319974
14,2,1,9.669455978756714
14,2,2,72.04567414627562
14,2,3,28.1825003295472
14,2,4,18.430139695009906
14,2,5,3.9361879819729495
14,2,6,2.1846711986201806
14,2,7,77.4485603119791
14,2,8,13.443342736955
15,2,1,46.77206159711509
15,2,2,60.5896815179483
15,2,3,42.835180056884624
15,2,4,2.7106652336233106
15,2,5,78.35015025879089
15,2,6,1.0513224541653488
15,2,7,76.1889894377484
15,2,8,89.33044937881228
16,2,1,43.28399210571723
16,2,2,53.554247309779825
16,2,3,47.698339261765376
16,2,4,38.920861862343884
16,2,5,88.74245353703603
16,2,6,89.39335106699905
16,2,7,33.581636464153455
16,2,8,61.5069754014698
17,2,1,92.69075621458641
17,2,2,96.20584989413516
17,2,3,50.895904042204755
17,2,4,45.28248052843268
17,2,5,27.869431592852578
17,2,6,95.887187319041
17,2,7,14.281430447286736
17,2,8,57.9829576047725
18,2,1,28.255026751863888
18,2,2,27.90082903477966
18,2,3,40.496858737618844
18,2,4,99.87929358156545
18,2,5,5.4966306839822066
18,2,6,57.85418182035315
18,2,7,8.257215803527718
18,2,8,15.452082999051896
19,2,1,43.95629417728987
19,2,2,51.04601313464413
19,2,3,25.8792408364524
19,2,4,31.645713087441617
19,2,5,8.696702025593305
19,2,6,30.32197838442505
19,2,7,96.6558439380544
19,2,8,94.47073816724817
20,2,1,33.4878290136985
20,2,2,57.08539362787616
20,2,3,90.95953911109443
20,2,4,0.6183822640896675
20,2,5,81.06835703375918
20,2,6,94.83695527889189
20,2,7,9.132573433355706
20,2,8,16.144768603292103
21,2,1,96.07463027713554
21,2,2,53.75401436403463
21,2,3,1.4196634471723701
21,2,4,25.763199876352914
21,2,5,44.99436742688596
21,2,6,69.29089110247676
21,2,7,73.31603781367996
21,2,8,99.54215129254561
22,2,1,28.7511199383759
22,2,2,53.82201018684752
22,2,3,53.332354785960504
22,2,4,40.56452594472375
22,2,5,16.91618938424202
22,2,6,97.74565631838425
22,2,7,85.3317186666586
22,2,8,49.83330282942372
23,2,1,60.32454226840298
23,2,2,22.72610535596623
23,2,3,54.37870703917469
23,2,4,69.49701331214759
23,2,5,51.51670283865888
23,2,6,99.02851705849413
23,2,7,61.13416562477262
23,2,8,37.09737125921691
24,2,1,77.21520276158381
24,2,2,17.046251158164203
24,2,3,38.451581370626656
24,2,4,34.69589503775858
24,2,5,43.180709510777724
24,2,6,78.17798259287262
24,2,7,48.41730321634075
24,2,8,79.40144502659628
25,2,1,57.64889031398659
25,2,2,34.206943465755536
25,2,3,80.99787436834724
25,2,4,23.828967055309157
25,2,5,22.43829797997955
25,2,6,50.45029240548358
25,2,7,26.084924596208893
25,2,8,0.9087034951216322
26,2,1,64.82975272988016
26,2,2,51.1093821472398
26,2,3,44.55178144931612
26,2,4,96.69685146183153
26,2,5,57.11991839629137
26,2,6,86.34315777893845
26,2,7,13.945023620516018
26,2,8,56.92064631294277
27,2,1,86.7979626730903
27,2,2,58.3105757279898
27,2,3,71.80141781270015
27,2,4,37.20435678122074
27,2,5,9.244951703706661
27,2,6,45.79002951270714
27,2,7,39.44793908388575
27,2,8,86.70601823789474
28,2,1,24.399530235247223
28,2,2,96.6734227535108
28,2,3,95.81381198044961
28,2,4,24.76316430714387
28,2,5,34.80519554773205
28,2,6,89.55557408738851
28,2,7,96.66222208961075
28,2,8,44.3439102836044
29,2,1,32.099704564089784
29,2,2,52.6094013251542
29,2,3,68.77692063657348
29,2,4,27.34745153749798
29,2,5,73.64731746190728
29,2,6,5.165735711464103
29,2,7,4.929449276441645
29,2,8,38.628770514554525
30,2,1,35.34731920607206
30,2,2,31.56332153671523
30,2,3,49.101976266891
30,2,4,32.07335823115712
30,2,5,19.225791846809194
30,2,6,30.946954908860093
30,2,7,97.4904272810235
30,2,8,41.11134169948486
31,2,1,44.47127768583358
31,2,2,57.654498995114004
31,2,3,98.33407684142266
31,2,4,24.160127643576303
31,2,5,68.12821105324338
31,2,6,71.59846935417241
31,2,7,60.73244167930659
31,2,8,8.857833963664408
32,2,1,67.68722758275764
32,2,2,6.409471103617548
32,2,3,59.61426495498969
32,2,4,73.95811772217426
32,2,5,21.096989061995043
32,2,6,84.1622007542774
32,2,7,3.0353805533004263
32,2,8,84.3812863658306
33,2,1,46.032905064276505
33,2,2,21.75879399316445
33,2,3,13.3778144993968
33,2,4,95.33071675823726
33,2,5,7.266558758115671
33,2,6,19.909341993592566
33,2,7,34.7822347433046
33,2,8,62.023484896112045
34,2,1,54.480108527609836
34,2,2,12.564349241231398
34,2,3,28.972798373821462
34,2,4,23.875177108602408
34,2,5,21.354285449034137
34,2,6,41.1144336479987
34,2,7,70.40314525916568
34,2,8,21.745293221723593
35,2,1,36.66788797029814
35,2,2,39.09174268411623
35,2,3,97.64565294354102
35,2,4,95.46663568790689
35,2,5,80.01375827520759
35,2,6,24.165892081918518
35,2,7,6.803731409166969
35,2,8,31.690413772062477
36,2,1,26.679454943383085
36,2,2,50.59258001463939
36,2,3,77.7727910067793
36,2,4,85.8322938878858
36,2,5,84.48640854105085
36,2,6,35.967556122306775
36,2,7,68.72343434606829
36,2,8,31.283419752422002
37,2,1,6.090554323518271
37,2,2,70.15652656029422
37,2,3,0.9827552569787845
37,2,4,40.91825874584886
37,2,5,32.937926930207574
37,2,6,69.33775385188524
37,2,7,76.62454727603789
37,2,8,30.409463597128383
38,2,1,81.16270144448535
38,2,2,29.391676050493377
38,2,3,44.63263599865612
38,2,4,72.7018527014134
38,2,5,69.29202292247886
38,2,6,98.73684723122
38,2,7,22.51610242159319
38,2,8,66.23179135395823
39,2,1,60.96819082757774
39,2,2,91.509845449003
39,2,3,15.636214164487505
39,2,4,75.1798163586933
39,2,5,56.826861626876834
39,2,6,27.46658697879054
39,2,7,47.44349141471741
39,2,8,33.37765970697978
40,2,1,57.931340278846086
40,2,2,88.90006108146659
40,2,3,56.9304984412202
40,2,4,63.17224183265841
40,2,5,51.874784711470944
40,2,6,5.116550644547591
40,2,7,23.285855687609423
40,2,8,49.20017294320827
41,2,1,31.023528374470477
41,2,2,18.176359776119423
41,2,3,50.41328419184383
41,2,4,32.28097934478503
41,2,5,25.810764317341473
41,2,6,46.39854174403808
41,2,7,13.328425808217315
41,2,8,92.77457330754073
42,2,1,86.7702097919239
42,2,2,70.76205857405353
42,2,3,10.621382758845622
42,2,4,77.5877254469693
42,2,5,80.7957328109019
42,2,6,76.77646177143377
42,2,7,11.396588711924116
42,2,8,64.39079570677647
43,2,1,83.43247957493986
43,2,2,57.73534012196677
43,2,3,64.6407375228089
43,2,4,45.83634794263062
43,2,5,52.87073198840526
43,2,6,3.4376858351725215
43,2,7,63.89630219732846
43,2,8,8.14472128911592
44,2,1,43.50145943402234
44,2,2,29.265509766740784
44,2,3,54.54279502117131
44,2,4,13.341633552320708
44,2,5,69.16434019733182
44,2,6,79.50115369284704
44,2,7,16.33544497431565
44,2,8,10.431308735188216
45,2,1,14.551548278735915
45,2,2,87.71275618985017
45,2,3,52.81892617563562
45,2,4,46.72609960075026
45,2,5,10.671181910235427
45,2,6,64.95560067569618
45,2,7,86.799959189509
45,2,8,82.8185869323453
46,2,1,62.60547089808013
46,2,2,7.527871665167362
46,2,3,11.239702717601297
46,2,4,4.930898710982468
46,2,5,25.74792164924693
46,2,6,13.566146716037775
46,2,7,26.004804025243388
46,2,8,38.50580557189617
47,2,1,94.29827840711357
47,2,2,61.03760597816921
47,2,3,83.49737856829623
47,2,4,71.03515007123322
47,2,5,11.250313052663174
47,2,6,73.59204063739489
47,2,7,27.509888155912442
47,2,8,63.91078469947063
48,2,1,34.09619736429885
48,2,2,99.76722632646592
48,2,3,26.355147949677782
48,2,4,27.913047077426967
48,2,5,93.06722555623983
48,2,6,2.464440463632267
48,2,7,69.66889878731969
48,2,8,72.53263907358782
1,3,1,83.63785774103994
1,3,2,97.44393106384753
1,3,3,97.56019191566524
1,3,4,6.527675756646389
1,3,5,82.18393227529025
1,3,6,64.63099336573814
1,3,7,64.73421343730912
1,3,8,12.83499266146948
2,3,1,65.01871664456533
2,3,2,98.24825806012478
2,3,3,91.1818569539447
2,3,4,43.91306608048505
2,3,5,3.994797328609434
2,3,6,36.229349000020484
2,3,7,82.63903116005552
2,3,8,70.1499101465166
3,3,1,45.93436555939564
3,3,2,5.510153515883109
3,3,3,42.68947278233026
3,3,4,46.90249397178835
3,3,5,92.85555328941359
3,3,6,64.10861035821594
3,3,7,31.16529166546489
3,3,8,52.53182644507214
4,3,1,6.605530782216007
4,3,2,97.25682356497369
4,3,3,36.0059901930726
4,3,4,47.78673549131358
4,3,5,35.52839742369226
4,3,6,68.25117301162001
4,3,7,66.2232158329593
4,3,8,71.53223105291356
5,3,1,26.814322961192083
5,3,2,31.566848116406597
5,3,3,12.525123109620795
5,3,4,65.55099718461126
5,3,5,3.979712733565255
5,3,6,59.768233552345905
5,3,7,86.96958848516338
5,3,8,89.08321482896335
6,3,1,44.90377603699617
6,3,2,45.930368821307376
6,3,3,7.696918300801736
6,3,4,67.07650254430358
6,3,5,82.12594203728455
6,3,6,24.465505460471306
6,3,7,42.13008816333647
6,3,8,83.88393367652704
7,3,1,87.7120467662288
7,3,2,24.317998026422593
7,3,3,55.057063454136426
7,3,4,19.249315063582706
7,3,5,10.187876413955655
7,3,6,91.11205013919576
7,3,7,82.05075042321091
7,3,8,76.00349018031739
8,3,1,4.876631881314042
8,3,2,84.37287927102575
8,3,3,43.804407590538375
8,3,4,34.23951232958596
8,3,5,54.647636102537646
8,3,6,9.135324272355582
8,3,7,75.66465493523988
8,3,8,58.24350768882959
9,3,1,18.659009687316754
9,3,2,18.82321997690456
9,3,3,18.424865157267423
9,3,4,5.700238755193398
9,3,5,58.77984493716848
9,3,6,84.0348177588508
9,3,7,1.74982139873886
9,3,8,4.900464497127355
10,3,1,57.27702766869458
10,3,2,81.94956853860523
10,3,3,32.67388905686336
10,3,4,34.96143988077222
10,3,5,59.63464974967759
10,3,6,27.4212889124147
10,3,7,2.660836607768413
10,3,8,73.52285181015961
11,3,1,62.56499129414531
11,3,2,58.07559990556591
11,3,3,74.16841289918231
11,3,4,67.52308375620375
11,3,5,20.588198817832115
11,3,6,35.24810469433511
11,3,7,12.6110141678625
11,3,8,12.985701341788102
12,3,1,67.61957463565392
12,3,2,85.86001069824982
12,3,3,96.27325838611391
12,3,4,62.834711754944436
12,3,5,18.410132336095696
12,3,6,10.56503454489307
12,3,7,81.28509715367578
12,3,8,57.875647635999925
13,3,1,61.82850210137198
13,3,2,78.14620887547092
13,3,3,70.32772277324516
13,3,4,83.44582528560966
13,3,5,5.621390545987848
13,3,6,74.75206367465049
13,3,7,85.08527573220954
13,3,8,28.613504245831432
14,3,1,64.04472739932528
14,3,2,31.416206383697208
14,3,3,95.7971066482454
14,3,4,3.3423572435503757
14,3,5,57.97928438329551
14,3,6,16.65035470495151
14,3,7,71.22202051771586
14,3,8,17.589028341866207
15,3,1,23.538326189835757
15,3,2,49.43708110457581
15,3,3,91.4834949996878
15,3,4,21.171437214797084
15,3,5,14.424002111810353
15,3,6,75.89768318540307
15,3,7,50.0619532333931
15,3,8,91.17851123817714
16,3,1,14.661455715984228
16,3,2,64.59278930230393
16,3,3,23.287914615181503
16,3,4,15.67604286516393
16,3,5,68.34294151572705
16,3,6,59.36846199087332
16,3,7,75.48274583623312
16,3,8,30.946257644618235
17,3,1,44.79716563821899
17,3,2,40.547167633041845
17,3,3,98.40894639665142
17,3,4,29.22489567393879
17,3,5,29.481723834676686
17,3,6,35.45482088286074
17,3,7,56.45940812903215
17,3,8,25.232274426374524
18,3,1,91.52899403792739
18,3,2,26.56855648662635
18,3,3,89.58157315601947
18,3,4,10.347506364658464
18,3,5,65.65627023996524
18,3,6,90.69855184382438
18,3,7,16.874943839822954
18,3,8,96.8326960099255
19,3,1,45.28833604155117
19,3,2,94.57151084410245
19,3,3,67.6820043630047
19,3,4,30.158686987355154
19,3,5,18.83025249171064
19,3,6,30.37350462250994
19,3,7,9.301740926267499
19,3,8,14.386796634332978
20,3,1,10.466044034648114
20,3,2,42.29435437415577
20,3,3,79.55783762575864
20,3,4,14.138355421634019
20,3,5,13.032043317233589
20,3,6,64.34289495173307
20,3,7,19.71829819680663
20,3,8,9.76100381089916
21,3,1,16.684857820557763
21,3,2,92.37313958767761
21,3,3,82.14712527761908
21,3,4,35.40645623550941
21,3,5,65.58207673273928
21,3,6,53.72756736680381
21,3,7,67.7124263482564
21,3,8,68.26711524627594
22,3,1,62.8734015059993
22,3,2,26.610136853730857
22,3,3,3.900642076281813
22,3,4,45.55667819901088
22,3,5,89.09738846907038
22,3,6,56.94972585185759
22,3,7,83.23910417019079
22,3,8,99.16243429612281
23,3,1,16.361620413827627
23,3,2,69.17776391419824
23,3,3,67.42935737000246
23,3,4,97.99554473582785
23,3,5,98.56007339528003
23,3,6,68.66786117241294
23,3,7,24.361479198219428
23,3,8,79.85558381305991
24,3,1,10.70291342110381
24,3,2,78.06993041716287
24,3,3,91.01961241446965
24,3,4,38.28333947684352
24,3,5,63.06352949830804
24,3,6,43.01427320968263
24,3,7,43.776505498812845
24,3,8,31.037088910812006
25,3,1,76.21296204503246
25,3,2,93.61765641665052
25,3,3,94.07508592344611
25,3,4,17.478128487493382
25,3,5,87.4743649656566
25,3,6,73.74314414271221
25,3,7,25.283740069028926
25,3,8,6.728461292151455
26,3,1,26.799726688437797
26,3,2,91.22082367815256
26,3,3,63.31786748957723
26,3,4,72.10546608978719
26,3,5,25.715235110909585
26,3,6,71.93881555748203
26,3,7,2.812150627792376
26,3,8,37.53213457730138
27,3,1,62.67533485423312
27,3,2,14.609656554132023
27,3,3,82.30035744469347
27,3,4,23.503129881191864
27,3,5,65.22811128184462
27,3,6,40.51971425753297
27,3,7,59.604359547764716
27,3,8,10.745055262890812
28,3,1,1.6912799921607324
28,3,2,90.95644273803012
28,3,3,26.96300087671828
28,3,4,81.96770027804591
28,3,5,99.93503004722002
28,3,6,21.143125799891116
28,3,7,26.51707411833556
28,3,8,66.28597876346657
29,3,1,96.54486346006212
29,3,2,91.58143481907439
29,3,3,50.28755200655849
29,3,4,79.51102825267246
29,3,5,13.574585309990105
29,3,6,97.74381842040123
29,3,7,96.43532340359864
29,3,8,16.372895787917095
30,3,1,29.94231248031066
30,3,2,10.015499750676693
30,3,3,27.17175988981797
30,3,4,81.59557894152066
30,3,5,37.83156071652595
30,3,6,8.839696714675839
30,3,7,34.22255247789045
30,3,8,98.138333424128
31,3,1,62.96835952592029
31,3,2,41.61609464061578
31,3,3,16.653851349727
31,3,4,98.61767972836948
31,3,5,82.08490092631287
31,3,6,28.14773024509194
31,3,7,7.006869572118946
31,3,8,5.662555737755803
32,3,1,12.037814950553383
32,3,2,58.07685836144216
32,3,3,92.87634212054924
32,3,4,49.674342800598446
32,3,5,84.29454824561972
32,3,6,44.588661985980785
32,3,7,70.85835457678252
32,3,8,73.18727372865008
33,3,1,17.396370590333866
33,3,2,36.121605897581176
33,3,3,63.73021565380239
33,3,4,7.069660818436619
33,3,5,36.15401877629566
33,3,6,53.479946628119244
33,3,7,99.62244930446387
33,3,8,47.45335626224407
34,3,1,81.60567571143235
34,3,2,43.206728506661776
34,3,3,79.6390722619709
34,3,4,59.54148016201084
34,3,5,88.65954415023984
34,3,6,41.09425523501099
34,3,7,60.43044198214788
34,3,8,63.00186806188274
35,3,1,41.73829418004733
35,3,2,14.431204368748151
35,3,3,9.355940691233556
35,3,4,1.66715505996331
35,3,5,87.35342642452146
35,3,6,23.647491223869455
35,3,7,21.150674928176805
35,3,8,73.60354004260655
36,3,1,32.00161130873917
36,3,2,50.60446924118366
36,3,3,16.25110652974563
36,3,4,95.97457214619692
36,3,5,85.15814000172374
36,3,6,86.37896229650033
36,3,7,40.67737485720052
36,3,8,76.23612137071729
37,3,1,14.387615538978016
37,3,2,0.8619002591780278
37,3,3,1.9972932578028124
37,3,4,58.660173740456045
37,3,5,45.53949052479408
37,3,6,51.801534890851975
37,3,7,0.7463140417219405
37,3,8,42.268661965742574
38,3,1,71.80681612008608
38,3,2,44.26937019674359
38,3,3,73.22192063122223
38,3,4,23.30189643968348
38,3,5,81.31420044817254
38,3,6,58.84312404534523
38,3,7,21.076309942990623
38,3,8,23.672047585383293
39,3,1,62.8030464569537
39,3,2,82.99395932124433
39,3,3,41.56277820291552
39,3,4,25.83004291275922
39,3,5,86.70116069106004
39,3,6,66.9268291750835
39,3,7,44.80854872830765
39,3,8,48.790019527930184
40,3,1,20.42564679363964
40,3,2,62.680263006484395
40,3,3,35.87425105428886
40,3,4,99.56451766743493
40,3,5,48.01835152618879
40,3,6,48.58856061896132
40,3,7,56.58517874106719
40,3,8,91.67560031187467
41,3,1,80.08180998597503
41,3,2,45.113006979784146
41,3,3,71.8699265972796
41,3,4,58.62354987807616
41,3,5,49.23670487012489
41,3,6,19.231577278435054
41,3,7,46.39362634548909
41,3,8,24.581858702257463
42,3,1,91.48421498516547
42,3,2,33.540681349634696
42,3,3,95.22640145333723
42,3,4,53.30552900947112
42,3,5,63.15443786761603
42,3,6,54.29404444893278
42,3,7,12.93806169667009
42,3,8,37.5821219007941
43,3,1,9.914611227762393
43,3,2,62.29540441833817
43,3,3,44.68741952004389
43,3,4,77.79849715709368
43,3,5,22.047048099936983
43,3,6,16.45660584293349
43,3,7,40.63322309637678
43,3,8,92.65853832183811
44,3,1,71.04218150124117
44,3,2,41.89236247929187
44,3,3,51.727216975431055
44,3,4,8.421301117709834
44,3,5,98.4575896376113
44,3,6,66.6407304694919
44,3,7,28.540406846342247
44,3,8,58.58083942152443
45,3,1,10.948236606899398
45,3,2,96.58366688075836
45,3,3,17.478498788336594
45,3,4,64.80303180552141
45,3,5,24.545446253893044
45,3,6,71.75613826485358
45,3,7,77.68213672402811
45,3,8,67.34197289114327
46,3,1,61.44994602551925
46,3,2,89.24690939520117
46,3,3,7.862671098975804
46,3,4,33.09147657801952
46,3,5,24.828747963084595
46,3,6,98.80139620654217
46,3,7,38.93897796668735
46,3,8,73.26126992403988
47,3,1,68.47251638810046
47,3,2,21.208123747737773
47,3,3,23.899768021155133
47,3,4,28.12845635530341
47,3,5,41.112727825937924
47,3,6,23.43250656505268
47,3,7,1.9651482746847804
47,3,8,87.93930568071954
48,3,1,96.5609831380884
48,3,2,34.15703870315679
48,3,3,33.85068794254729
48,3,4,0.7091812774370987
48,3,5,68.02506883303741
48,3,6,82.54398957486288
48,3,7,14.660830036000316
48,3,8,15.966634936715074
1,4,1,79.00832499714377
1,4,2,61.629074835414464
1,4,3,4.486055762771701
1,4,4,62.25469904622817
1,4,5,30.891772284376607
1,4,6,36.872515547084596
1,4,7,76.97314182968802
1,4,8,81.09351926726106
2,4,1,40.03566268398306
2,4,2,94.71529360063548
2,4,3,40.64627179520722
2,4,4,77.18360352301099
2,4,5,48.38772645642591
2,4,6,89.7532326522084
2,4,7,90.77612436501786
2,4,8,8.741680787108386
3,4,1,93.64933313102257
3,4,2,82.55348415204156
3,4,3,79.13107143126669
3,4,4,20.091133968552242
3,4,5,80.51192087546649
3,4,6,85.01327346850368
3,4,7,28.915033445415094
3,4,8,95.22600783623237
4,4,1,4.986014639916425
4,4,2,14.990925324713967
4,4,3,53.75811380515143
4,4,4,57.579247112230966
4,4,5,64.51500833009034
4,4,6,1.6969129315466458
4,4,7,96.03667746221302
4,4,8,4.458809273414399
5,4,1,14.306195272340238
5,4,2,1.401451752605698
5,4,3,56.685843329409465
5,4,4,93.22668839209723
5,4,5,66.59471660804643
5,4,6,82.26574684804274
5,4,7,1.3281203458580082
5,4,8,54.20152984797261
6,4,1,45.95629775055219
6,4,2,49.8967944220793
6,4,3,7.221318533518795
6,4,4,68.44353610693075
6,4,5,50.322041485863444
6,4,6,76.51488498612639
6,4,7,48.52906340617154
6,4,8,14.938163622643208
7,4,1,64.8256954077822
7,4,2,17.238636210516624
7,4,3,87.23945633548149
7,4,4,61.311623906924154
7,4,5,15.720388355695425
7,4,6,96.23380574812069
7,4,7,51.83654633353206
7,4,8,7.289845187165501
8,4,1,62.68329044150672
8,4,2,25.31989070128102
8,4,3,80.36934518773025
8,4,4,81.78220735661907
8,4,5,97.89473558546618
8,4,6,50.186953102450374
8,4,7,45.495687972773716
8,4,8,75.34756054464806
9,4,1,13.247065634192657
9,4,2,54.69155137931242
9,4,3,54.624760013085094
9,4,4,8.947312281038721
9,4,5,41.798408550691356
9,4,6,85.3284798567202
9,4,7,85.61536219946603
9,4,8,9.9237664919681
10,4,1,9.072088274783086
10,4,2,26.26954770019353
10,4,3,87.47660625539935
10,4,4,12.890258507349895
10,4,5,71.99968026274462
10,4,6,10.116561961310321
10,4,7,62.31378537478254
10,4,8,35.60672991191448
11,4,1,78.8913962965867
11,4,2,23.36904488253636
11,4,3,63.920182938995985
11,4,4,23.568253457588494
11,4,5,71.36602831121537
11,4,6,87.36780345607488
11,4,7,12.680179912676003
11,4,8,86.65956885955035
12,4,1,59.35752544142979
12,4,2,12.711049086702397
12,4,3,42.7541855359712
12,4,4,16.08602934850979
12,4,5,70.03478888665695
12,4,6,75.88681344179497
12,4,7,10.579652027279895
12,4,8,50.613985269464436
13,4,1,81.46250560259172
13,4,2,93.61630415509966
13,4,3,51.351786674177
13,4,4,95.02792236114071
13,4,5,53.56889704560298
13,4,6,39.419049459990795
13,4,7,84.82031285528954
13,4,8,49.2982710458089
14,4,1,47.190251056452304
14,4,2,49.03124894098283
14,4,3,84.67850018697453
14,4,4,83.19415416880521
14,4,5,40.35199924402112
14,4,6,33.3299859870525
14,4,7,49.19280240391293
14,4,8,57.277250973710906
15,4,1,23.833721062799697
15,4,2,79.39550847155907
15,4,3,48.648276573242285
15,4,4,33.40455484199596
15,4,5,10.68209929639906
15,4,6,23.884516040360694
15,4,7,94.92811717559837
15,4,8,30.50996868195266
16,4,1,16.885928936703532
16,4,2,46.06727916549932
16,4,3,30.70877433602487
16,4,4,3.5159250271194153
16,4,5,32.314521727941724
16,4,6,54.41086239394686
16,4,7,55.17123720199669
16,4,8,35.65589211768887
17,4,1,44.73027562526006
17,4,2,96.55179182347663
17,4,3,37.73484772303116
17,4,4,25.822681325998296
17,4,5,24.34670440667601
17,4,6,45.776461270413414
17,4,7,75.9520148716944
17,4,8,20.59881841884732
18,4,1,70.92961271407681
18,4,2,2.1149823349416286
18,4,3,41.8932977983946
18,4,4,77.58650652027869
18,4,5,33.873295577443145
18,4,6,56.37371014453995
18,4,7,20.49792328259108
18,4,8,74.19953911261723
19,4,1,5.227910326875962
19,4,2,85.25426448755003
19,4,3,19.819638642166815
19,4,4,87.43980317083307
19,4,5,35.25292413005173
19,4,6,72.26835744744866
19,4,7,31.922529778618845
19,4,8,90.59116712346476
20,4,1,12.663712551837436
20,4,2,17.85197892725987
20,4,3,49.303012515880226
20,4,4,8.193843903814614
20,4,5,19.598018470176193
20,4,6,94.37663822120143
20,4,7,97.64896611478872
20,4,8,37.62593293304219
21,4,1,92.32860210139357
21,4,2,54.48246756734317
21,4,3,26.974246587376705
21,4,4,70.23987210805987
21,4,5,65.89018065748571
21,4,6,98.91253191087334
21,4,7,26.50472874092833
21,4,8,67.20595026617355
22,4,1,5.202375502944689
22,4,2,11.36460386967194
22,4,3,0.3918374951093262
22,4,4,99.94606810596731
22,4,5,80.22736971474778
22,4,6,78.67230147335408
22,4,7,50.97260752881797
22,4,8,30.006708290543994
23,4,1,15.126428446267592
23,4,2,28.467473884646367
23,4,3,37.597122192913915
23,4,4,75.6310096980294
23,4,5,53.96617889031524
23,4,6,7.748362655548268
23,4,7,1.802900895891224
23,4,8,10.233217953406315
24,4,1,41.049871369737936
24,4,2,93.31929170490183
24,4,3,63.74024812092216
24,4,4,80.18258998755151
24,4,5,46.637459450454855
24,4,6,36.16660831950428
24,4,7,10.840037271662272
24,4,8,87.5933022186205
25,4,1,78.31600290279029
25,4,2,16.811809759772512
25,4,3,51.22605638762605
25,4,4,48.73748079212449
25,4,5,62.50915526865286
25,4,6,94.61868939912613
25,4,7,57.97714417624796
25,4,8,54.02172667786186
26,4,1,5.032293293466394
26,4,2,6.290747601802393
26,4,3,18.734679132678888
26,4,4,3.247077169174828
26,4,5,74.33528955700123
26,4,6,72.3330303993963
26,4,7,13.605623443164294
26,4,8,83.60789007952809
27,4,1,15.478603484611197
27,4,2,30.11755869973588
27,4,3,24.8976899161365
27,4,4,37.23070985730478
27,4,5,25.466376588996187
27,4,6,48.8950926438452
27,4,7,40.74078813546854
27,4,8,98.65694907793265
28,4,1,5.592635012822567
28,4,2,14.218137638735161
28,4,3,5.282589390860249
28,4,4,62.58411949823758
28,4,5,5.450927741371958
28,4,6,83.64397373761233
28,4,7,51.19386306819278
28,4,8,52.70076245815337
29,4,1,56.15945077121942
29,4,2,17.081370630621073
29,4,3,19.769030311448756
29,4,4,31.88173228730047
29,4,5,59.34964158218514
29,4,6,21.011777594021453
29,4,7,11.633172713326124
29,4,8,97.01168864184322
30,4,1,2.1981814809622913
30,4,2,80.26974053360216
30,4,3,78.8035149575022
30,4,4,29.7214113845096
30,4,5,13.56266160073134
30,4,6,14.562864670542341
30,4,7,69.74316172371925
30,4,8,64.28065910861737
31,4,1,78.27456742513867
31,4,2,93.74811723991047
31,4,3,69.1927363266592
31,4,4,15.585153655144346
31,4,5,24.344261676541066
31,4,6,84.21937308731145
31,4,7,20.93060758342086
31,4,8,7.252231695448142
32,4,1,70.32800540422505
32,4,2,40.2526355490142
32,4,3,92.00400525459035
32,4,4,65.02550710936616
32,4,5,9.041897779166074
32,4,6,94.78565672536607
32,4,7,25.85572636402459
32,4,8,33.72124904062858
33,4,1,40.2260413683542
33,4,2,5.122429640431325
33,4,3,49.65154222306049
33,4,4,12.331849107529225
33,4,5,40.097032668835176
33,4,6,35.07097879920843
33,4,7,77.28400834265034
33,4,8,80.3170511632731
34,4,1,15.3412882389088
34,4,2,36.65511873792262
34,4,3,37.33531610318317
34,4,4,15.141044393608505
34,4,5,79.84535050511906
34,4,6,70.72283283354233
34,4,7,19.038178629703474
34,4,8,36.6721908593799
35,4,1,10.580502485651422
35,4,2,62.820659709304394
35,4,3,12.137192454861967
35,4,4,98.59341686249178
35,4,5,78.06820746878623
35,4,6,39.023854958399504
35,4,7,57.85639322793544
35,4,8,91.13418162164088
36,4,1,55.40992803958261
36,4,2,17.44984863979552
36,4,3,37.87033555811593
36,4,4,84.31448650297455
36,4,5,64.42130159896179
36,4,6,65.07243843338003
36,4,7,86.68214856884892
36,4,8,89.39730574625047
37,4,1,91.97925717794362
37,4,2,9.48491932531561
37,4,3,54.41260019631009
37,4,4,74.05095212183186
37,4,5,75.69268451270138
37,4,6,60.67162019700039
37,4,7,16.678733518367416
37,4,8,79.74205539416643
38,4,1,72.01113335149458
38,4,2,8.613577154903629
38,4,3,46.380982467437626
38,4,4,17.39773995218036
38,4,5,33.74770457129719
38,4,6,1.8081092205685434
38,4,7,40.032986841075825
38,4,8,54.987692115621044
39,4,1,61.95825928270868
39,4,2,66.34903451287101
39,4,3,83.629131310246
39,4,4,21.546290727573002
39,4,5,12.048182243846794
39,4,6,85.15371718979256
39,4,7,15.661281489264988
39,4,8,97.47600813361953
40,4,1,84.2538229398637
40,4,2,50.08766058895991
40,4,3,98.14214249220252
40,4,4,9.737672910800422
40,4,5,30.306576117510165
40,4,6,63.822441504061146
40,4,7,35.00068684731787
40,4,8,92.83725519807918
41,4,1,6.562608817781756
41,4,2,54.941183206096454
41,4,3,59.08662673951145
41,4,4,65.27281237772242
41,4,5,25.566622333181442
41,4,6,36.45664275198644
41,4,7,84.36805296649777
41,4,8,19.494276897015983
42,4,1,82.68678471733621
42,4,2,56.26554229027424
42,4,3,76.21875111940821
42,4,4,71.36073662634715
42,4,5,20.7511495384879
42,4,6,56.88127364338729
42,4,7,86.77231528050923
42,4,8,43.211623680192936
43,4,1,96.65907702233167
43,4,2,45.221510010171805
43,4,3,14.278563666788468
43,4,4,38.94346800776732
43,4,5,95.17024063905372
43,4,6,31.97208493398542
43,4,7,86.80981598670628
43,4,8,88.12506816818897
44,4,1,35.01865243319611
44,4,2,8.325765805063213
44,4,3,72.45579091588182
44,4,4,31.1512299013986
44,4,5,78.29236142575724
44,4,6,44.26548482604331
44,4,7,48.52667423426216
44,4,8,77.79094067485369
45,4,1,38.23633310616279
45,4,2,44.31273453229145
45,4,3,37.619046876962216
45,4,4,36.734051527728
45,4,5,52.594657690145944
45,4,6,80.87994445011508
45,4,7,36.176831192256586
45,4,8,52.42547205377367
46,4,1,67.07273254426008
46,4,2,26.9439446303655
46,4,3,27.752280490239258
46,4,4,93.34131270234548
46,4,5,72.35345733310886
46,4,6,57.71866762233089
46,4,7,64.7720054420612
46,4,8,2.9299443103418366
47,4,1,61.81029655616969
47,4,2,50.95088732242019
47,4,3,54.574967977943565
47,4,4,35.94238268308171
47,4,5,8.14738977129419
47,4,6,19.33392336120522
47,4,7,95.07447132126717
47,4,8,40.8699562270934
48,4,1,46.66831558308642
48,4,2,5.270978985343899
48,4,3,3.756622954398059
48,4,4,71.71814470467577
48,4,5,53.80946641211113
48,4,6,50.87059842162667
48,4,7,24.312453042266867
48,4,8,74.47507316299222
1,5,1,16.82365791084919
1,5,2,18.993474366102003
1,5,3,46.07121713482755
1,5,4,28.62798621119409
1,5,5,24.746298123314638
1,5,6,64.52376445533316
1,5,7,65.09717452185446
1,5,8,82.45170697999292
2,5,1,41.77085669729759
2,5,2,7.308509102615024
2,5,3,27.366638492145768
2,5,4,98.00054631968169
2,5,5,59.62585752327021
2,5,6,70.97370848010203
2,5,7,0.7357829625414536
2,5,8,51.820573218252086
3,5,1,3.7528657531803122
3,5,2,56.9230212091448
3,5,3,92.07708496360753
3,5,4,96.84191305004079
3,5,5,54.055267538892416
3,5,6,45.8204805252216
3,5,7,94.5017094248494
3,5,8,67.3609831996695
4,5,1,6.489927953840946
4,5,2,46.57255776674975
4,5,3,24.02450184643039
4,5,4,46.98043214486815
4,5,5,45.54655720063617
4,5,6,58.2144802814742
4,5,7,35.677049034925126
4,5,8,16.427044945592804
5,5,1,50.37194345899563
5,5,2,83.0202884345762
5,5,3,66.40122280676023
5,5,4,33.836786592521584
5,5,5,93.55230227588572
5,5,6,91.22075712491822
5,5,7,20.934839938409876
5,5,8,3.9417585120362975
6,5,1,74.13087083507622
6,5,2,82.76102613491533
6,5,3,96.78645659513553
6,5,4,88.98363940883107
6,5,5,60.053476820641485
6,5,6,53.00523392123808
6,5,7,2.784105126258629
6,5,8,24.665644684477783
7,5,1,45.96147517329264
7,5,2,62.85039000835678
7,5,3,55.725183331841066
7,5,4,74.26359896816905
7,5,5,27.976693088704085
7,5,6,56.49526076524732
7,5,7,8.814224339079214
7,5,8,41.366552358320696
8,5,1,75.0160832954601
8,5,2,69.3400853429044
8,5,3,99.0642737172179
8,5,4,27.7891125987756
8,5,5,49.81892991739792
8,5,6,32.95304137739967
8,5,7,44.060311405917474
8,5,8,85.6950129869388
9,5,1,68.42090751884867
9,5,2,88.24411913475817
9,5,3,20.351110833188645
9,5,4,87.3361117841438
9,5,5,5.976227417838443
9,5,6,88.85992804371524
9,5,7,32.90737794607279
9,5,8,31.458763341406648
10,5,1,51.20885766986639
10,5,2,94.06901877232318
10,5,3,4.778136468140537
10,5,4,35.22309750707453
10,5,5,85.65719886833357
10,5,6,39.60544774354668
10,5,7,19.9156897597067
10,5,8,42.47941813314118
11,5,1,38.55525014916693
11,5,2,91.54162014667034
11,5,3,76.19343757430971
11,5,4,50.51155557440063
11,5,5,98.8370566721571
11,5,6,46.527753127592334
11,5,7,5.823783082027523
11,5,8,26.22743218149849
12,5,1,43.60704802193126
12,5,2,15.690262414612011
12,5,3,94.7565126324043
12,5,4,76.68488978177731
12,5,5,26.828720042777267
12,5,6,59.08045335179158
12,5,7,72.1449157109572
12,5,8,94.1278928906798
13,5,1,88.16353491754107
13,5,2,51.51922261382137
13,5,3,77.46526197930176
13,5,4,56.2144753827585
13,5,5,55.27038900455401
13,5,6,11.47419583381919
13,5,7,12.613765801615207
13,5,8,52.95336150224574
14,5,1,26.886154497900662
14,5,2,2.103690246046863
14,5,3,72.28392039002122
14,5,4,3.248659669016496
14,5,5,59.52768411040545
14,5,6,53.91937941273144
14,5,7,96.88146905778045
14,5,8,48.421313934764164
15,5,1,6.360143637779736
15,5,2,55.16879678064617
15,5,3,84.10961706161014
15,5,4,99.68492842814399
15,5,5,43.034317368907246
15,5,6,32.02987424967425
15,5,7,90.66532969519989
15,5,8,19.124212907612137
16,5,1,61.542891503292665
16,5,2,40.57144241809477
16,5,3,4.108236495555529
16,5,4,34.72884743056978
16,5,5,26.52285225026746
16,5,6,68.60911539434869
16,5,7,94.87904976919181
16,5,8,26.804718737863777
17,5,1,81.14659391516817
17,5,2,5.535981693840952
17,5,3,53.81210100398132
17,5,4,7.055006370989458
17,5,5,93.40329911306394
17,5,6,76.63512805573902
17,5,7,65.79499112045923
17,5,8,82.38963816246643
18,5,1,64.75197955701631
18,5,2,96.89443971742911
18,5,3,71.39579478647715
18,5,4,92.46586095822468
18,5,5,51.713189201063805
18,5,6,11.706441298186265
18,5,7,52.81777214230171
18,5,8,12.68728280630933
19,5,1,59.249347917640506
19,5,2,48.24930605276629
19,5,3,62.25753978327817
19,5,4,1.0046981054831594
19,5,5,19.484049165536412
19,5,6,49.13304319121309
19,5,7,95.05035615891349
19,5,8,38.360904035515844
20,5,1,42.43720260536347
20,5,2,71.46960890066222
20,5,3,60.3792757286118
20,5,4,29.892615009833325
20,5,5,41.08163955674278
20,5,6,21.769979885723245
20,5,7,96.60214591302085
20,5,8,13.063438155735973
21,5,1,37.18367845664194
21,5,2,2.583897222001119
21,5,3,22.17794919335464
21,5,4,78.04711383801549
21,5,5,20.117523228887947
21,5,6,8.00634025289656
21,5,7,47.44531798445233
21,5,8,0.9969234734518495
22,5,1,8.476615442633317
22,5,2,80.76258695629751
22,5,3,77.14733448596064
22,5,4,91.5138820404896
22,5,5,85.45154359107495
22,5,6,68.3175563239818
22,5,7,5.233285730066283
22,5,8,78.28486179866574
23,5,1,84.55108108405605
23,5,2,79.90821457719545
23,5,3,50.847903530802604
23,5,4,23.290183864948165
23,5,5,84.53299756887267
23,5,6,72.71628097401384
23,5,7,98.07611743888516
23,5,8,15.569259775593292
24,5,1,22.566458305205504
24,5,2,21.17981498815027
24,5,3,79.25397676213368
24,5,4,18.690729645011817
24,5,5,6.665982982330609
24,5,6,99.85608065856286
24,5,7,2.4817211445149145
24,5,8,83.52440601588657
25,5,1,36.53668415506528
25,5,2,84.16154597578152
25,5,3,55.4620491211145
25,5,4,90.16312294863602
25,5,5,92.61929864146266
25,5,6,0.9098181280775997
25,5,7,7.541217599278827
25,5,8,25.035872957085548
26,5,1,66.93154163635016
26,5,2,88.8272196511506
26,5,3,45.994195129396275
26,5,4,60.697311627426544
26,5,5,18.849985279556115
26,5,6,80.49668338816853
26,5,7,96.73281113534698
26,5,8,26.85989329145975
27,5,1,49.48259516005463
27,5,2,8.61161105063738
27,5,3,55.91366564629684
27,5,4,50.27834418466806
27,5,5,14.44364841550776
27,5,6,44.2066213118075
27,5,7,33.410465208656326
27,5,8,52.18308753051893
28,5,1,58.565433542879916
28,5,2,0.8495578607209509
28,5,3,76.10059829495553
28,5,4,71.30142918617408
28,5,5,36.62863862065222
28,5,6,5.2935935568818255
28,5,7,75.49325397850504
28,5,8,95.51751604781325
29,5,1,24.015159602201418
29,5,2,32.35246137370379
29,5,3,18.381288948181496
29,5,4,57.693612334483966
29,5,5,15.484139464745494
29,5,6,35.619394346137945
29,5,7,69.70130139342629
29,5,8,56.01159830093484
30,5,1,38.64625643279352
30,5,2,42.02496018075419
30,5,3,56.21108826232295
30,5,4,0.5864727887161303
30,5,5,7.8509868453609855
30,5,6,88.12580677630116
30,5,7,7.787898909129076
30,5,8,70.68035962105051
31,5,1,92.00381641090526
31,5,2,27.06836043017311
31,5,3,37.04914370595142
31,5,4,56.892140584471626
31,5,5,88.17089696385847
31,5,6,94.19055872604201
31,5,7,73.9563248111268
31,5,8,8.661976085469403
32,5,1,66.91541555348508
32,5,2,41.03037218726621
32,5,3,47.07009994910616
32,5,4,4.914839034517704
32,5,5,19.106213934635818
32,5,6,79.05136075336478
32,5,7,45.395883304785976
32,5,8,30.166224163114887
33,5,1,38.401907396495815
33,5,2,85.43995133256801
33,5,3,74.8999017404957
33,5,4,27.231539718108277
33,5,5,11.750184021237331
33,5,6,25.19982216440717
33,5,7,92.07564510547337
33,5,8,58.15888378497554
34,5,1,53.34802087447829
34,5,2,59.63935996924615
34,5,3,36.60282657465152
34,5,4,80.71070203195127
34,5,5,52.32862493002498
34,5,6,11.674790276879554
34,5,7,12.906512482906296
34,5,8,53.685914650261836
35,5,1,93.65702180708392
35,5,2,30.835212167619876
35,5,3,86.95411688592183
35,5,4,76.40955865788793
35,5,5,24.781244290690687
35,5,6,3.6340748316242455
35,5,7,10.184726514238275
35,5,8,72.84939338474402
36,5,1,19.96697380406467
36,5,2,37.12709205053938
36,5,3,50.16991660064248
36,5,4,72.54681684501628
36,5,5,11.323122325912538
36,5,6,40.636640527746145
36,5,7,48.50729091426954
36,5,8,54.08270639715397
37,5,1,81.83606413952167
37,5,2,17.16781950432169
37,5,3,80.78314518266222
37,5,4,69.28784276966522
37,5,5,55.58708141989593
37,5,6,69.95278704025719
37,5,7,41.20177389516564
37,5,8,13.839758596812457
38,5,1,66.57652402653673
38,5,2,52.46723066856222
38,5,3,63.93748005427755
38,5,4,33.799878102849
38,5,5,90.6866577339836
38,5,6,58.736986857557696
38,5,7,8.540248429087383
38,5,8,44.980399070442864
39,5,1,75.63560547436343
39,5,2,79.41345617322723
39,5,3,49.45970527637588
39,5,4,89.4747570831301
39,5,5,26.766843719429755
39,5,6,41.05986972382666
39,5,7,89.859691056897
39,5,8,89.62567164715789
40,5,1,68.57127688246808
40,5,2,85.89805471222202
40,5,3,8.877326695623267
40,5,4,86.49949762077763
40,5,5,32.061990655022676
40,5,6,17.833151242821632
40,5,7,23.936983634204633
40,5,8,41.79685080138871
41,5,1,25.119200460446724
41,5,2,32.0567586016499
41,5,3,13.497848607164208
41,5,4,29.617676555899852
41,5,5,57.22838145420012
41,5,6,44.185370809106395
41,5,7,34.67187612359112
41,5,8,74.6452128857114
42,5,1,89.3509971393318
42,5,2,75.6789222902397
42,5,3,33.200070211767915
42,5,4,74.44421678375537
42,5,5,15.19801824740512
42,5,6,13.031798809129091
42,5,7,34.562703703615895
42,5,8,80.7702369044057
43,5,1,24.634824724230185
43,5,2,6.325340889867959
43,5,3,13.170953520635509
43,5,4,85.87449685295802
43,5,5,63.37832847472876
43,5,6,25.320116336997668
43,5,7,55.52958253281813
43,5,8,52.75796224253504
44,5,1,65.54359784406613
44,5,2,23.31875544216163
44,5,3,86.44029871943977
44,5,4,30.936856208001284
44,5,5,69.41316539762369
44,5,6,1.612464637221489
44,5,7,37.26571298941472
44,5,8,35.17098179588083
45,5,1,54.348442858301446
45,5,2,7.27362617771965
45,5,3,79.01313737261083
45,5,4,21.778080176756852
45,5,5,67.70378148820102
45,5,6,80.32121232440932
45,5,7,56.18769562415131
45,5,8,74.08832067219855
46,5,1,66.18603122150056
46,5,2,35.55297971520076
46,5,3,80.88585390335653
46,5,4,29.4701369885528
46,5,5,57.12129177515172
46,5,6,74.53977391415395
46,5,7,37.89559098125076
46,5,8,30.276760761742505
47,5,1,45.934601017282276
47,5,2,81.79634943491536
47,5,3,92.99217631456648
47,5,4,54.50834128598901
47,5,5,66.14662053236519
47,5,6,90.32736222389141
47,5,7,9.85468514129424
47,5,8,23.207857786616504
48,5,1,70.89000062515825
48,5,2,82.37444619122996
48,5,3,85.70290283305779
48,5,4,41.51071768549326
48,5,5,8.933990229186684
48,5,6,43.778147729961994
48,5,7,23.07345902070538
48,5,8,29.11964549966242
