Demanda,Canal,Semana,Temporada,Demanda_m3s,Provisto_m3s,Deficit_m3s,Incumplimiento
1,1,1,1,33.48,33.47999999999932,0.0,0.0
1,1,1,2,33.48,33.47999999999992,0.0,-0.0
1,1,1,3,33.48,33.479999999999905,0.0,-0.0
1,1,1,4,33.48,33.47999999999976,0.0,-0.0
1,1,1,5,33.48,33.47999999999976,0.0,-0.0
1,1,2,1,33.48,33.48,0.0,0.0
1,1,2,2,33.48,33.479999999999905,0.0,-0.0
1,1,2,3,33.48,33.479999999999905,0.0,-0.0
1,1,2,4,33.48,33.47999999999976,0.0,-0.0
1,1,2,5,33.48,33.47999999999976,0.0,-0.0
1,1,3,1,33.48,33.47999999999999,0.0,-0.0
1,1,3,2,33.48,33.479999999999905,0.0,-0.0
1,1,3,3,33.48,33.47999999999991,0.0,-0.0
1,1,3,4,33.48,33.47999999999978,0.0,-0.0
1,1,3,5,33.48,33.47999999999976,0.0,-0.0
1,1,4,1,33.48,33.479999999999876,0.0,-0.0
1,1,4,2,33.48,33.479999999999905,0.0,-0.0
1,1,4,3,33.48,33.479999999999905,0.0,-0.0
1,1,4,4,33.48,33.47999999999978,0.0,-0.0
1,1,4,5,33.48,33.47999999999999,0.0,-0.0
1,1,5,1,0.0,0.0,0.0,0.0
1,1,5,2,0.0,0.0,0.0,0.0
1,1,5,3,0.0,0.0,0.0,0.0
1,1,5,4,0.0,0.0,0.0,0.0
1,1,5,5,0.0,0.0,0.0,0.0
1,1,6,1,0.0,0.0,0.0,0.0
1,1,6,2,0.0,0.0,0.0,0.0
1,1,6,3,0.0,0.0,0.0,0.0
1,1,6,4,0.0,0.0,0.0,0.0
1,1,6,5,0.0,0.0,0.0,0.0
1,1,7,1,0.0,0.0,0.0,0.0
1,1,7,2,0.0,0.0,0.0,0.0
1,1,7,3,0.0,0.0,0.0,0.0
1,1,7,4,0.0,0.0,0.0,0.0
1,1,7,5,0.0,0.0,0.0,0.0
1,1,8,1,0.0,0.0,0.0,0.0
1,1,8,2,0.0,0.0,0.0,0.0
1,1,8,3,0.0,0.0,0.0,0.0
1,1,8,4,0.0,0.0,0.0,0.0
1,1,8,5,0.0,0.0,0.0,0.0
1,1,9,1,0.0,0.0,0.0,0.0
1,1,9,2,0.0,0.0,0.0,0.0
1,1,9,3,0.0,0.0,0.0,0.0
1,1,9,4,0.0,0.0,0.0,0.0
1,1,9,5,0.0,0.0,0.0,0.0
1,1,10,1,0.0,60.431588501137526,0.0,0.0
1,1,10,2,0.0,50.931680466011244,0.0,0.0
1,1,10,3,0.0,10.35253488242543,0.0,0.0
1,1,10,4,0.0,0.0,0.0,0.0
1,1,10,5,0.0,0.0,0.0,0.0
1,1,11,1,0.0,0.0,0.0,0.0
1,1,11,2,0.0,0.0,0.0,0.0
1,1,11,3,0.0,0.0,0.0,0.0
1,1,11,4,0.0,0.0,0.0,0.0
1,1,11,5,0.0,0.0,0.0,0.0
1,1,12,1,0.0,568.754355647359,0.0,0.0
1,1,12,2,0.0,570.802708042253,0.0,0.0
1,1,12,3,0.0,476.2033245243192,0.0,0.0
1,1,12,4,0.0,474.70236599278326,0.0,0.0
1,1,12,5,0.0,472.2018761935792,0.0,0.0
1,1,13,1,0.0,131.43152319439008,0.0,0.0
1,1,13,2,0.0,113.72500105848667,0.0,0.0
1,1,13,3,0.0,34.805271813290176,0.0,0.0
1,1,13,4,0.0,34.80529999999999,0.0,0.0
1,1,13,5,0.0,23.831874422717704,0.0,0.0
1,1,14,1,0.0,0.0,0.0,0.0
1,1,14,2,0.0,0.0,0.0,0.0
1,1,14,3,0.0,0.0,0.0,0.0
1,1,14,4,0.0,0.0,0.0,0.0
1,1,14,5,0.0,0.0,0.0,0.0
1,1,15,1,0.0,0.0,0.0,0.0
1,1,15,2,0.0,0.0,0.0,0.0
1,1,15,3,0.0,0.0,0.0,0.0
1,1,15,4,0.0,0.0,0.0,0.0
1,1,15,5,0.0,0.0,0.0,0.0
1,1,16,1,0.0,96.69320067789108,0.0,0.0
1,1,16,2,0.0,105.3078838603813,0.0,0.0
1,1,16,3,0.0,76.66334662499993,0.0,0.0
1,1,16,4,0.0,76.66340000000001,0.0,0.0
1,1,16,5,0.0,7.708774422717724,0.0,0.0
1,1,17,1,0.0,60.332940399691665,0.0,0.0
1,1,17,2,0.0,50.832501717524224,0.0,0.0
1,1,17,3,0.0,36.78006928571426,0.0,0.0
1,1,17,4,0.0,19.589658309630124,0.0,0.0
1,1,17,5,0.0,0.0,0.0,0.0
1,1,18,1,0.0,17.718801083144996,0.0,0.0
1,1,18,2,0.0,0.0,0.0,0.0
1,1,18,3,0.0,0.0,0.0,0.0
1,1,18,4,0.0,0.0,0.0,0.0
1,1,18,5,0.0,0.0,0.0,0.0
1,1,19,1,0.0,0.0,0.0,0.0
1,1,19,2,0.0,0.0,0.0,0.0
1,1,19,3,0.0,0.0,0.0,0.0
1,1,19,4,0.0,0.0,0.0,0.0
1,1,19,5,0.0,0.0,0.0,0.0
1,1,20,1,0.0,204.68503866681448,0.0,0.0
1,1,20,2,0.0,195.1861034172528,0.0,0.0
1,1,20,3,0.0,102.08588339328408,0.0,0.0
1,1,20,4,0.0,100.58671989931902,0.0,0.0
1,1,20,5,0.0,98.58580711103862,0.0,0.0
1,1,21,1,33.48,112.3793243810999,10000.0,-0.0
1,1,21,2,33.48,50.460389131538975,0.0,-0.0
1,1,21,3,33.48,33.47999999999999,0.0,-0.0
1,1,21,4,33.48,33.47999999999956,0.0,-0.0
1,1,21,5,33.48,33.479999999999905,0.0,-0.0
1,1,22,1,33.48,257.91628866681424,10000.0,-0.0
1,1,22,2,33.48,195.99735341725295,0.0,-0.0
1,1,22,3,33.48,103.39761116486459,0.0,-0.0
1,1,22,4,33.48,33.47999999999999,0.0,-0.0
1,1,22,5,33.48,99.89696599278311,0.0,-0.0
1,1,23,1,33.48,273.297874871433,10000.0,-0.0
1,1,23,2,33.48,33.48,0.0,-0.0
1,1,23,3,33.48,153.50756804801887,0.0,-0.0
1,1,23,4,33.48,33.47999999999996,0.0,-0.0
1,1,23,5,33.48,150.00669761876281,0.0,-0.0
1,1,24,1,33.48,33.47999999999999,0.0,-0.0
1,1,24,2,33.48,33.479999999999905,0.0,-0.0
1,1,24,3,33.48,33.47999999999999,0.0,-0.0
1,1,24,4,33.48,33.47999999999979,0.0,-0.0
1,1,24,5,33.48,33.47999999999979,0.0,-0.0
1,1,25,1,33.48,33.47999999999999,0.0,-0.0
1,1,25,2,33.48,33.479999999999905,0.0,-0.0
1,1,25,3,33.48,33.47999999999999,0.0,-0.0
1,1,25,4,33.48,33.48,0.0,-0.0
1,1,25,5,33.48,33.47999999999979,0.0,-0.0
1,1,26,1,33.48,33.47999999999999,0.0,-0.0
1,1,26,2,33.48,33.47999999999999,0.0,-0.0
1,1,26,3,33.48,33.47999999999979,0.0,-0.0
1,1,26,4,33.48,33.479999999999706,0.0,-0.0
1,1,26,5,33.48,33.479999999999876,0.0,-0.0
1,1,27,1,33.48,33.47999999999999,0.0,-0.0
1,1,27,2,33.48,33.47999999999999,0.0,-0.0
1,1,27,3,33.48,33.47999999999999,0.0,-0.0
1,1,27,4,33.48,33.47999999999985,0.0,-0.0
1,1,27,5,33.48,33.47999999999979,0.0,-0.0
1,1,28,1,33.48,33.47999999999999,0.0,-0.0
1,1,28,2,33.48,33.47999999999999,0.0,-0.0
1,1,28,3,33.48,33.47999999999979,0.0,-0.0
1,1,28,4,33.48,33.479999999999734,0.0,-0.0
1,1,28,5,33.48,33.47999999999979,0.0,-0.0
1,1,29,1,33.48,33.47999999999999,0.0,-0.0
1,1,29,2,33.48,33.479999999999905,0.0,-0.0
1,1,29,3,33.48,33.47999999999999,0.0,-0.0
1,1,29,4,33.48,33.479999999999734,0.0,-0.0
1,1,29,5,33.48,33.47999999999979,0.0,-0.0
1,1,30,1,33.48,33.47999999999996,0.0,-0.0
1,1,30,2,33.48,33.47999999999999,0.0,-0.0
1,1,30,3,33.48,33.47999999999979,0.0,-0.0
1,1,30,4,33.48,33.479999999999734,0.0,-0.0
1,1,30,5,33.48,33.47999999999979,0.0,-0.0
1,1,31,1,33.48,0.0,10000.0,-0.0
1,1,31,2,33.48,33.479999999999905,0.0,-0.0
1,1,31,3,33.48,33.47999999999979,0.0,-0.0
1,1,31,4,33.48,33.479999999999734,0.0,-0.0
1,1,31,5,33.48,33.47999999999979,0.0,-0.0
1,1,32,1,33.48,0.0,10000.0,-0.0
1,1,32,2,33.48,33.47999999999999,0.0,-0.0
1,1,32,3,33.48,33.47999999999979,0.0,-0.0
1,1,32,4,33.48,33.479999999999734,0.0,-0.0
1,1,32,5,33.48,33.47999999999979,0.0,-0.0
1,1,33,1,33.48,33.47999999999999,0.0,-0.0
1,1,33,2,33.48,33.47999999999999,0.0,-0.0
1,1,33,3,33.48,33.48,0.0,-0.0
1,1,33,4,33.48,33.479999999999734,0.0,-0.0
1,1,33,5,33.48,33.47999999999979,0.0,-0.0
1,1,34,1,33.48,33.47999999999999,0.0,-0.0
1,1,34,2,33.48,33.47999999999999,0.0,-0.0
1,1,34,3,33.48,33.479999999999905,0.0,-0.0
1,1,34,4,33.48,33.479999999999734,0.0,-0.0
1,1,34,5,33.48,33.47999999999979,0.0,-0.0
1,1,35,1,33.48,33.47999999999999,0.0,-0.0
1,1,35,2,33.48,33.479999999999905,0.0,-0.0
1,1,35,3,33.48,33.479999999999876,0.0,-0.0
1,1,35,4,33.48,33.479999999999706,0.0,-0.0
1,1,35,5,33.48,33.479999999999706,0.0,-0.0
1,1,36,1,33.48,33.48,0.0,-0.0
1,1,36,2,33.48,33.479999999999876,0.0,-0.0
1,1,36,3,33.48,33.479999999999706,0.0,-0.0
1,1,36,4,33.48,33.48000000000002,0.0,-0.0
1,1,36,5,33.48,33.479999999999876,0.0,-0.0
1,1,37,1,33.48,33.47999999999999,0.0,-0.0
1,1,37,2,33.48,33.48,0.0,-0.0
1,1,37,3,33.48,33.479999999999876,0.0,-0.0
1,1,37,4,33.48,33.48,0.0,-0.0
1,1,37,5,33.48,33.479999999999706,0.0,-0.0
1,1,38,1,33.48,33.479999999999876,0.0,-0.0
1,1,38,2,33.48,33.48,0.0,-0.0
1,1,38,3,33.48,33.479999999999876,0.0,-0.0
1,1,38,4,33.48,33.48,0.0,-0.0
1,1,38,5,33.48,33.47999999999968,0.0,-0.0
1,1,39,1,33.48,33.479999999999876,0.0,-0.0
1,1,39,2,33.48,33.479999999999876,0.0,-0.0
1,1,39,3,33.48,33.48,0.0,-0.0
1,1,39,4,33.48,33.47999999999965,0.0,-0.0
1,1,39,5,33.48,33.479999999999876,0.0,-0.0
1,1,40,1,33.48,33.47999999999979,0.0,-0.0
1,1,40,2,33.48,33.480000000000004,0.0,-0.0
1,1,40,3,33.48,33.47999999999968,0.0,-0.0
1,1,40,4,33.48,33.47999999999993,0.0,-0.0
1,1,40,5,33.48,33.48,0.0,-0.0
1,1,41,1,33.48,33.47999999999982,0.0,-0.0
1,1,41,2,33.48,33.48,0.0,-0.0
1,1,41,3,33.48,33.48,0.0,-0.0
1,1,41,4,33.48,33.47999999999968,0.0,-0.0
1,1,41,5,33.48,33.48,0.0,-0.0
1,1,42,1,33.48,33.480000000000004,0.0,-0.0
1,1,42,2,33.48,33.479999999999876,0.0,-0.0
1,1,42,3,33.48,33.480000000000004,0.0,-0.0
1,1,42,4,33.48,33.48000000000002,0.0,-0.0
1,1,42,5,33.48,33.479999999999876,0.0,-0.0
1,1,43,1,33.48,33.479999999999905,0.0,-0.0
1,1,43,2,33.48,33.479999999999905,0.0,-0.0
1,1,43,3,33.48,33.479999999999734,0.0,-0.0
1,1,43,4,33.48,33.47999999999999,0.0,-0.0
1,1,43,5,33.48,33.47999999999999,0.0,-0.0
1,1,44,1,33.48,33.479999999999905,0.0,-0.0
1,1,44,2,33.48,33.479999999999905,0.0,-0.0
1,1,44,3,33.48,33.47999999999976,0.0,-0.0
1,1,44,4,33.48,33.48000000000002,0.0,-0.0
1,1,44,5,33.48,33.48000000000002,0.0,-0.0
1,1,45,1,33.48,33.479999999999905,0.0,-0.0
1,1,45,2,33.48,33.479999999999905,0.0,-0.0
1,1,45,3,33.48,33.47999999999976,0.0,-0.0
1,1,45,4,33.48,33.47999999999999,0.0,-0.0
1,1,45,5,33.48,33.479999999999905,0.0,-0.0
1,1,46,1,33.48,33.479999999999905,0.0,-0.0
1,1,46,2,33.48,33.479999999999905,0.0,-0.0
1,1,46,3,33.48,33.47999999999976,0.0,-0.0
1,1,46,4,33.48,33.47999999999999,0.0,-0.0
1,1,46,5,33.48,33.479999999999905,0.0,-0.0
1,1,47,1,33.48,33.479999999999905,0.0,-0.0
1,1,47,2,33.48,33.479999999999905,0.0,-0.0
1,1,47,3,33.48,33.47999999999979,0.0,-0.0
1,1,47,4,33.48,33.47999999999976,0.0,-0.0
1,1,47,5,33.48,33.479999999999905,0.0,-0.0
1,1,48,1,33.48,33.479999999999905,0.0,-0.0
1,1,48,2,33.48,33.479999999999905,0.0,-0.0
1,1,48,3,33.48,33.47999999999976,0.0,-0.0
1,1,48,4,33.48,33.47999999999978,0.0,-0.0
1,1,48,5,33.48,33.47999999999992,0.0,-0.0
1,2,1,1,56.52,56.52,0.0,0.0
1,2,1,2,56.52,56.52,0.0,-0.0
1,2,1,3,56.52,56.52,0.0,-0.0
1,2,1,4,56.52,56.52,0.0,-0.0
1,2,1,5,56.52,56.52,0.0,-0.0
1,2,2,1,56.52,56.52,0.0,0.0
1,2,2,2,56.52,56.52,0.0,-0.0
1,2,2,3,56.52,56.52,0.0,-0.0
1,2,2,4,56.52,56.52,0.0,-0.0
1,2,2,5,56.52,56.52,0.0,-0.0
1,2,3,1,56.52,56.52,0.0,-0.0
1,2,3,2,56.52,56.52,0.0,-0.0
1,2,3,3,56.52,56.52,0.0,-0.0
1,2,3,4,56.52,56.52,0.0,-0.0
1,2,3,5,56.52,56.52,0.0,-0.0
1,2,4,1,56.52,56.52,0.0,-0.0
1,2,4,2,56.52,56.52,0.0,-0.0
1,2,4,3,56.52,56.52,0.0,-0.0
1,2,4,4,56.52,56.52,0.0,-0.0
1,2,4,5,56.52,56.52,0.0,-0.0
1,2,5,1,0.0,20.0,0.0,0.0
1,2,5,2,0.0,20.0,0.0,0.0
1,2,5,3,0.0,20.0,0.0,0.0
1,2,5,4,0.0,20.0,0.0,0.0
1,2,5,5,0.0,20.0,0.0,0.0
1,2,6,1,0.0,20.0,0.0,0.0
1,2,6,2,0.0,20.0,0.0,0.0
1,2,6,3,0.0,20.0,0.0,0.0
1,2,6,4,0.0,20.0,0.0,0.0
1,2,6,5,0.0,20.0,0.0,0.0
1,2,7,1,0.0,20.0,0.0,0.0
1,2,7,2,0.0,20.0,0.0,0.0
1,2,7,3,0.0,20.0,0.0,0.0
1,2,7,4,0.0,20.0,0.0,0.0
1,2,7,5,0.0,20.0,0.0,0.0
1,2,8,1,0.0,20.0,0.0,0.0
1,2,8,2,0.0,20.0,0.0,0.0
1,2,8,3,0.0,20.0,0.0,0.0
1,2,8,4,0.0,20.0,0.0,0.0
1,2,8,5,0.0,20.0,0.0,0.0
1,2,9,1,0.0,20.0,0.0,0.0
1,2,9,2,0.0,20.0,0.0,0.0
1,2,9,3,0.0,20.0,0.0,0.0
1,2,9,4,0.0,20.0,0.0,0.0
1,2,9,5,0.0,20.0,0.0,0.0
1,2,10,1,0.0,20.0,0.0,0.0
1,2,10,2,0.0,20.0,0.0,0.0
1,2,10,3,0.0,20.0,0.0,0.0
1,2,10,4,0.0,58.5556,0.0,0.0
1,2,10,5,0.0,20.0,0.0,0.0
1,2,11,1,0.0,20.0,0.0,0.0
1,2,11,2,0.0,20.0,0.0,0.0
1,2,11,3,0.0,20.0,0.0,0.0
1,2,11,4,0.0,20.0,0.0,0.0
1,2,11,5,0.0,20.0,0.0,0.0
1,2,12,1,0.0,200.55385216819735,0.0,0.0
1,2,12,2,0.0,200.55385216819738,0.0,0.0
1,2,12,3,0.0,200.55385216819735,0.0,0.0
1,2,12,4,0.0,200.55390000000003,0.0,0.0
1,2,12,5,0.0,200.55390000000003,0.0,0.0
1,2,13,1,0.0,20.0,0.0,0.0
1,2,13,2,0.0,20.0,0.0,0.0
1,2,13,3,0.0,20.0,0.0,0.0
1,2,13,4,0.0,20.0,0.0,0.0
1,2,13,5,0.0,20.0,0.0,0.0
1,2,14,1,0.0,20.0,0.0,0.0
1,2,14,2,0.0,20.0,0.0,0.0
1,2,14,3,0.0,20.0,0.0,0.0
1,2,14,4,0.0,20.0,0.0,0.0
1,2,14,5,0.0,20.0,0.0,0.0
1,2,15,1,0.0,31.386047542548766,0.0,0.0
1,2,15,2,0.0,21.885608860381325,0.0,0.0
1,2,15,3,0.0,20.0,0.0,0.0
1,2,15,4,0.0,20.0,0.0,0.0
1,2,15,5,0.0,20.0,0.0,0.0
1,2,16,1,0.0,20.0,0.0,0.0
1,2,16,2,0.0,20.0,0.0,0.0
1,2,16,3,0.0,20.0,0.0,0.0
1,2,16,4,0.0,20.0,0.0,0.0
1,2,16,5,0.0,20.0,0.0,0.0
1,2,17,1,0.0,20.0,0.0,0.0
1,2,17,2,0.0,20.0,0.0,0.0
1,2,17,3,0.0,20.0,0.0,0.0
1,2,17,4,0.0,20.0,0.0,0.0
1,2,17,5,0.0,20.0,0.0,0.0
1,2,18,1,0.0,20.0,0.0,0.0
1,2,18,2,0.0,28.718383860381316,0.0,0.0
1,2,18,3,0.0,20.0,0.0,0.0
1,2,18,4,0.0,20.0,0.0,0.0
1,2,18,5,0.0,20.0,0.0,0.0
1,2,19,1,0.0,580.3637886668142,0.0,0.0
1,2,19,2,0.0,570.8648534172529,0.0,0.0
1,2,19,3,0.0,477.2633309729333,0.0,0.0
1,2,19,4,0.0,475.76469928147264,0.0,0.0
1,2,19,5,0.0,473.76372251406724,0.0,0.0
1,2,20,1,0.0,20.0,0.0,0.0
1,2,20,2,0.0,20.0,0.0,0.0
1,2,20,3,0.0,20.0,0.0,0.0
1,2,20,4,0.0,20.0,0.0,0.0
1,2,20,5,0.0,20.0,0.0,0.0
1,2,21,1,56.52,0.0,10000.0,-0.0
1,2,21,2,56.52,56.52,0.0,-0.0
1,2,21,3,56.52,56.52,0.0,-0.0
1,2,21,4,56.52,56.52,0.0,-0.0
1,2,21,5,56.52,56.52,0.0,-0.0
1,2,22,1,56.52,0.0,10000.0,-0.0
1,2,22,2,56.52,56.52,0.0,-0.0
1,2,22,3,56.52,56.52,0.0,-0.0
1,2,22,4,56.52,56.52,0.0,-0.0
1,2,22,5,56.52,56.52,0.0,-0.0
1,2,23,1,56.52,0.0,10000.0,-0.0
1,2,23,2,56.52,56.52,0.0,-0.0
1,2,23,3,56.52,56.52,0.0,-0.0
1,2,23,4,56.52,56.52,0.0,-0.0
1,2,23,5,56.52,56.52,0.0,-0.0
1,2,24,1,56.52,56.52,0.0,-0.0
1,2,24,2,56.52,56.52,0.0,-0.0
1,2,24,3,56.52,56.52,0.0,-0.0
1,2,24,4,56.52,56.52,0.0,-0.0
1,2,24,5,56.52,56.52,0.0,-0.0
1,2,25,1,56.52,56.52,0.0,-0.0
1,2,25,2,56.52,56.52,0.0,-0.0
1,2,25,3,56.52,56.52,0.0,-0.0
1,2,25,4,56.52,56.52,0.0,-0.0
1,2,25,5,56.52,56.52,0.0,-0.0
1,2,26,1,56.52,56.52,0.0,-0.0
1,2,26,2,56.52,56.52,0.0,-0.0
1,2,26,3,56.52,56.52,0.0,-0.0
1,2,26,4,56.52,56.52,0.0,-0.0
1,2,26,5,56.52,56.52,0.0,-0.0
1,2,27,1,56.52,56.52,0.0,-0.0
1,2,27,2,56.52,56.52,0.0,-0.0
1,2,27,3,56.52,56.52,0.0,-0.0
1,2,27,4,56.52,56.52,0.0,-0.0
1,2,27,5,56.52,56.52,0.0,-0.0
1,2,28,1,56.52,56.52,0.0,-0.0
1,2,28,2,56.52,56.52,0.0,-0.0
1,2,28,3,56.52,56.52,0.0,-0.0
1,2,28,4,56.52,56.52,0.0,-0.0
1,2,28,5,56.52,56.52,0.0,-0.0
1,2,29,1,56.52,56.52,0.0,-0.0
1,2,29,2,56.52,56.52,0.0,-0.0
1,2,29,3,56.52,56.52,0.0,-0.0
1,2,29,4,56.52,56.52,0.0,-0.0
1,2,29,5,56.52,56.52,0.0,-0.0
1,2,30,1,56.52,56.52,0.0,-0.0
1,2,30,2,56.52,56.52,0.0,-0.0
1,2,30,3,56.52,56.52,0.0,-0.0
1,2,30,4,56.52,56.52,0.0,-0.0
1,2,30,5,56.52,56.52,0.0,-0.0
1,2,31,1,56.52,0.0,10000.0,-0.0
1,2,31,2,56.52,56.52,0.0,-0.0
1,2,31,3,56.52,56.52,0.0,-0.0
1,2,31,4,56.52,56.52,0.0,-0.0
1,2,31,5,56.52,56.52,0.0,-0.0
1,2,32,1,56.52,0.0,10000.0,-0.0
1,2,32,2,56.52,56.52,0.0,-0.0
1,2,32,3,56.52,56.52,0.0,-0.0
1,2,32,4,56.52,56.52,0.0,-0.0
1,2,32,5,56.52,56.52,0.0,-0.0
1,2,33,1,56.52,56.52,0.0,-0.0
1,2,33,2,56.52,56.52,0.0,-0.0
1,2,33,3,56.52,56.52,0.0,-0.0
1,2,33,4,56.52,56.52,0.0,-0.0
1,2,33,5,56.52,56.52,0.0,-0.0
1,2,34,1,56.52,56.52,0.0,-0.0
1,2,34,2,56.52,56.52,0.0,-0.0
1,2,34,3,56.52,56.52,0.0,-0.0
1,2,34,4,56.52,56.52,0.0,-0.0
1,2,34,5,56.52,56.52,0.0,-0.0
1,2,35,1,56.52,56.52,0.0,-0.0
1,2,35,2,56.52,56.52,0.0,-0.0
1,2,35,3,56.52,56.52,0.0,-0.0
1,2,35,4,56.52,56.52,0.0,-0.0
1,2,35,5,56.52,56.52,0.0,-0.0
1,2,36,1,56.52,56.52,0.0,-0.0
1,2,36,2,56.52,56.52,0.0,-0.0
1,2,36,3,56.52,56.52,0.0,-0.0
1,2,36,4,56.52,56.52,0.0,-0.0
1,2,36,5,56.52,56.52,0.0,-0.0
1,2,37,1,56.52,56.52,0.0,-0.0
1,2,37,2,56.52,56.52,0.0,-0.0
1,2,37,3,56.52,56.52,0.0,-0.0
1,2,37,4,56.52,56.52,0.0,-0.0
1,2,37,5,56.52,56.52,0.0,-0.0
1,2,38,1,56.52,56.52,0.0,-0.0
1,2,38,2,56.52,56.52,0.0,-0.0
1,2,38,3,56.52,56.52,0.0,-0.0
1,2,38,4,56.52,56.52,0.0,-0.0
1,2,38,5,56.52,56.52,0.0,-0.0
1,2,39,1,56.52,56.52,0.0,-0.0
1,2,39,2,56.52,56.52,0.0,-0.0
1,2,39,3,56.52,56.52,0.0,-0.0
1,2,39,4,56.52,56.52,0.0,-0.0
1,2,39,5,56.52,56.52,0.0,-0.0
1,2,40,1,56.52,56.52,0.0,-0.0
1,2,40,2,56.52,56.52,0.0,-0.0
1,2,40,3,56.52,56.52,0.0,-0.0
1,2,40,4,56.52,56.52,0.0,-0.0
1,2,40,5,56.52,56.52,0.0,-0.0
1,2,41,1,56.52,56.52,0.0,-0.0
1,2,41,2,56.52,56.52,0.0,-0.0
1,2,41,3,56.52,56.52,0.0,-0.0
1,2,41,4,56.52,56.52,0.0,-0.0
1,2,41,5,56.52,56.52,0.0,-0.0
1,2,42,1,56.52,56.52,0.0,-0.0
1,2,42,2,56.52,56.52,0.0,-0.0
1,2,42,3,56.52,56.52,0.0,-0.0
1,2,42,4,56.52,56.52,0.0,-0.0
1,2,42,5,56.52,56.52,0.0,-0.0
1,2,43,1,56.52,56.52,0.0,-0.0
1,2,43,2,56.52,56.52,0.0,-0.0
1,2,43,3,56.52,56.52,0.0,-0.0
1,2,43,4,56.52,56.52,0.0,-0.0
1,2,43,5,56.52,56.52,0.0,-0.0
1,2,44,1,56.52,56.52,0.0,-0.0
1,2,44,2,56.52,56.52,0.0,-0.0
1,2,44,3,56.52,56.52,0.0,-0.0
1,2,44,4,56.52,56.52,0.0,-0.0
1,2,44,5,56.52,56.52,0.0,-0.0
1,2,45,1,56.52,56.52,0.0,-0.0
1,2,45,2,56.52,56.52,0.0,-0.0
1,2,45,3,56.52,56.52,0.0,-0.0
1,2,45,4,56.52,56.52,0.0,-0.0
1,2,45,5,56.52,56.52,0.0,-0.0
1,2,46,1,56.52,56.52,0.0,-0.0
1,2,46,2,56.52,56.52,0.0,-0.0
1,2,46,3,56.52,56.52,0.0,-0.0
1,2,46,4,56.52,56.52,0.0,-0.0
1,2,46,5,56.52,56.52,0.0,-0.0
1,2,47,1,56.52,56.52,0.0,-0.0
1,2,47,2,56.52,56.52,0.0,-0.0
1,2,47,3,56.52,56.52,0.0,-0.0
1,2,47,4,56.52,56.52,0.0,-0.0
1,2,47,5,56.52,56.52,0.0,-0.0
1,2,48,1,56.52,56.52,0.0,-0.0
1,2,48,2,56.52,56.52,0.0,-0.0
1,2,48,3,56.52,56.52,0.0,-0.0
1,2,48,4,56.52,56.52,0.0,-0.0
1,2,48,5,56.52,56.52,0.0,-0.0
1,3,1,1,0.0,0.0,0.0,0.0
1,3,1,2,0.0,0.0,0.0,0.0
1,3,1,3,0.0,0.0,0.0,0.0
1,3,1,4,0.0,0.0,0.0,0.0
1,3,1,5,0.0,0.0,0.0,0.0
1,3,2,1,0.0,0.0,0.0,0.0
1,3,2,2,0.0,0.0,0.0,0.0
1,3,2,3,0.0,0.0,0.0,0.0
1,3,2,4,0.0,0.0,0.0,0.0
1,3,2,5,0.0,0.0,0.0,0.0
1,3,3,1,0.0,0.0,0.0,0.0
1,3,3,2,0.0,0.0,0.0,0.0
1,3,3,3,0.0,0.0,0.0,0.0
1,3,3,4,0.0,0.0,0.0,0.0
1,3,3,5,0.0,0.0,0.0,0.0
1,3,4,1,0.0,0.0,0.0,0.0
1,3,4,2,0.0,0.0,0.0,0.0
1,3,4,3,0.0,0.0,0.0,0.0
1,3,4,4,0.0,0.0,0.0,0.0
1,3,4,5,0.0,0.0,0.0,0.0
1,3,5,1,0.0,0.0,0.0,0.0
1,3,5,2,0.0,0.0,0.0,0.0
1,3,5,3,0.0,0.0,0.0,0.0
1,3,5,4,0.0,0.0,0.0,0.0
1,3,5,5,0.0,0.0,0.0,0.0
1,3,6,1,0.0,0.0,0.0,0.0
1,3,6,2,0.0,0.0,0.0,0.0
1,3,6,3,0.0,0.0,0.0,0.0
1,3,6,4,0.0,0.0,0.0,0.0
1,3,6,5,0.0,0.0,0.0,0.0
1,3,7,1,0.0,0.0,0.0,0.0
1,3,7,2,0.0,0.0,0.0,0.0
1,3,7,3,0.0,0.0,0.0,0.0
1,3,7,4,0.0,0.0,0.0,0.0
1,3,7,5,0.0,0.0,0.0,0.0
1,3,8,1,0.0,0.0,0.0,0.0
1,3,8,2,0.0,0.0,0.0,0.0
1,3,8,3,0.0,0.0,0.0,0.0
1,3,8,4,0.0,0.0,0.0,0.0
1,3,8,5,0.0,0.0,0.0,0.0
1,3,9,1,0.0,0.0,0.0,0.0
1,3,9,2,0.0,0.0,0.0,0.0
1,3,9,3,0.0,0.0,0.0,0.0
1,3,9,4,0.0,0.0,0.0,0.0
1,3,9,5,0.0,0.0,0.0,0.0
1,3,10,1,0.0,0.0,0.0,0.0
1,3,10,2,0.0,0.0,0.0,0.0
1,3,10,3,0.0,0.0,0.0,0.0
1,3,10,4,0.0,0.0,0.0,0.0
1,3,10,5,0.0,0.0,0.0,0.0
1,3,11,1,0.0,0.0,0.0,0.0
1,3,11,2,0.0,0.0,0.0,0.0
1,3,11,3,0.0,0.0,0.0,0.0
1,3,11,4,0.0,0.0,0.0,0.0
1,3,11,5,0.0,0.0,0.0,0.0
1,3,12,1,0.0,0.0,0.0,0.0
1,3,12,2,0.0,0.0,0.0,0.0
1,3,12,3,0.0,0.0,0.0,0.0
1,3,12,4,0.0,0.0,0.0,0.0
1,3,12,5,0.0,0.0,0.0,0.0
1,3,13,1,0.0,0.0,0.0,0.0
1,3,13,2,0.0,0.0,0.0,0.0
1,3,13,3,0.0,0.0,0.0,0.0
1,3,13,4,0.0,0.0,0.0,0.0
1,3,13,5,0.0,0.0,0.0,0.0
1,3,14,1,0.0,0.0,0.0,0.0
1,3,14,2,0.0,0.0,0.0,0.0
1,3,14,3,0.0,0.0,0.0,0.0
1,3,14,4,0.0,0.0,0.0,0.0
1,3,14,5,0.0,0.0,0.0,0.0
1,3,15,1,0.0,0.0,0.0,0.0
1,3,15,2,0.0,0.0,0.0,0.0
1,3,15,3,0.0,0.0,0.0,0.0
1,3,15,4,0.0,0.0,0.0,0.0
1,3,15,5,0.0,0.0,0.0,0.0
1,3,16,1,0.0,0.0,0.0,0.0
1,3,16,2,0.0,0.0,0.0,0.0
1,3,16,3,0.0,0.0,0.0,0.0
1,3,16,4,0.0,0.0,0.0,0.0
1,3,16,5,0.0,0.0,0.0,0.0
1,3,17,1,0.0,0.0,0.0,0.0
1,3,17,2,0.0,0.0,0.0,0.0
1,3,17,3,0.0,0.0,0.0,0.0
1,3,17,4,0.0,0.0,0.0,0.0
1,3,17,5,0.0,0.0,0.0,0.0
1,3,18,1,0.0,0.0,0.0,0.0
1,3,18,2,0.0,0.0,0.0,0.0
1,3,18,3,0.0,0.0,0.0,0.0
1,3,18,4,0.0,0.0,0.0,0.0
1,3,18,5,0.0,0.0,0.0,0.0
1,3,19,1,0.0,0.0,0.0,0.0
1,3,19,2,0.0,0.0,0.0,0.0
1,3,19,3,0.0,0.0,0.0,0.0
1,3,19,4,0.0,0.0,0.0,0.0
1,3,19,5,0.0,0.0,0.0,0.0
1,3,20,1,0.0,0.0,0.0,0.0
1,3,20,2,0.0,0.0,0.0,0.0
1,3,20,3,0.0,0.0,0.0,0.0
1,3,20,4,0.0,0.0,0.0,0.0
1,3,20,5,0.0,0.0,0.0,0.0
1,3,21,1,0.0,0.0,0.0,0.0
1,3,21,2,0.0,0.0,0.0,0.0
1,3,21,3,0.0,0.0,0.0,0.0
1,3,21,4,0.0,0.0,0.0,0.0
1,3,21,5,0.0,0.0,0.0,0.0
1,3,22,1,0.0,0.0,0.0,0.0
1,3,22,2,0.0,0.0,0.0,0.0
1,3,22,3,0.0,0.0,0.0,0.0
1,3,22,4,0.0,0.0,0.0,0.0
1,3,22,5,0.0,0.0,0.0,0.0
1,3,23,1,0.0,0.0,0.0,0.0
1,3,23,2,0.0,0.0,0.0,0.0
1,3,23,3,0.0,0.0,0.0,0.0
1,3,23,4,0.0,0.0,0.0,0.0
1,3,23,5,0.0,0.0,0.0,0.0
1,3,24,1,0.0,0.0,0.0,0.0
1,3,24,2,0.0,0.0,0.0,0.0
1,3,24,3,0.0,0.0,0.0,0.0
1,3,24,4,0.0,0.0,0.0,0.0
1,3,24,5,0.0,0.0,0.0,0.0
1,3,25,1,0.0,0.0,0.0,0.0
1,3,25,2,0.0,0.0,0.0,0.0
1,3,25,3,0.0,0.0,0.0,0.0
1,3,25,4,0.0,0.0,0.0,0.0
1,3,25,5,0.0,0.0,0.0,0.0
1,3,26,1,0.0,0.0,0.0,0.0
1,3,26,2,0.0,0.0,0.0,0.0
1,3,26,3,0.0,0.0,0.0,0.0
1,3,26,4,0.0,0.0,0.0,0.0
1,3,26,5,0.0,0.0,0.0,0.0
1,3,27,1,0.0,0.0,0.0,0.0
1,3,27,2,0.0,0.0,0.0,0.0
1,3,27,3,0.0,0.0,0.0,0.0
1,3,27,4,0.0,0.0,0.0,0.0
1,3,27,5,0.0,0.0,0.0,0.0
1,3,28,1,0.0,0.0,0.0,0.0
1,3,28,2,0.0,0.0,0.0,0.0
1,3,28,3,0.0,0.0,0.0,0.0
1,3,28,4,0.0,0.0,0.0,0.0
1,3,28,5,0.0,0.0,0.0,0.0
1,3,29,1,0.0,0.0,0.0,0.0
1,3,29,2,0.0,0.0,0.0,0.0
1,3,29,3,0.0,0.0,0.0,0.0
1,3,29,4,0.0,0.0,0.0,0.0
1,3,29,5,0.0,0.0,0.0,0.0
1,3,30,1,0.0,0.0,0.0,0.0
1,3,30,2,0.0,0.0,0.0,0.0
1,3,30,3,0.0,0.0,0.0,0.0
1,3,30,4,0.0,0.0,0.0,0.0
1,3,30,5,0.0,0.0,0.0,0.0
1,3,31,1,0.0,0.0,0.0,0.0
1,3,31,2,0.0,0.0,0.0,0.0
1,3,31,3,0.0,0.0,0.0,0.0
1,3,31,4,0.0,0.0,0.0,0.0
1,3,31,5,0.0,0.0,0.0,0.0
1,3,32,1,0.0,0.0,0.0,0.0
1,3,32,2,0.0,0.0,0.0,0.0
1,3,32,3,0.0,0.0,0.0,0.0
1,3,32,4,0.0,0.0,0.0,0.0
1,3,32,5,0.0,0.0,0.0,0.0
1,3,33,1,0.0,0.0,0.0,0.0
1,3,33,2,0.0,0.0,0.0,0.0
1,3,33,3,0.0,0.0,0.0,0.0
1,3,33,4,0.0,0.0,0.0,0.0
1,3,33,5,0.0,0.0,0.0,0.0
1,3,34,1,0.0,0.0,0.0,0.0
1,3,34,2,0.0,0.0,0.0,0.0
1,3,34,3,0.0,0.0,0.0,0.0
1,3,34,4,0.0,0.0,0.0,0.0
1,3,34,5,0.0,0.0,0.0,0.0
1,3,35,1,0.0,0.0,0.0,0.0
1,3,35,2,0.0,0.0,0.0,0.0
1,3,35,3,0.0,0.0,0.0,0.0
1,3,35,4,0.0,0.0,0.0,0.0
1,3,35,5,0.0,0.0,0.0,0.0
1,3,36,1,0.0,0.0,0.0,0.0
1,3,36,2,0.0,0.0,0.0,0.0
1,3,36,3,0.0,0.0,0.0,0.0
1,3,36,4,0.0,0.0,0.0,0.0
1,3,36,5,0.0,0.0,0.0,0.0
1,3,37,1,0.0,0.0,0.0,0.0
1,3,37,2,0.0,0.0,0.0,0.0
1,3,37,3,0.0,0.0,0.0,0.0
1,3,37,4,0.0,0.0,0.0,0.0
1,3,37,5,0.0,0.0,0.0,0.0
1,3,38,1,0.0,0.0,0.0,0.0
1,3,38,2,0.0,0.0,0.0,0.0
1,3,38,3,0.0,0.0,0.0,0.0
1,3,38,4,0.0,0.0,0.0,0.0
1,3,38,5,0.0,0.0,0.0,0.0
1,3,39,1,0.0,0.0,0.0,0.0
1,3,39,2,0.0,0.0,0.0,0.0
1,3,39,3,0.0,0.0,0.0,0.0
1,3,39,4,0.0,0.0,0.0,0.0
1,3,39,5,0.0,0.0,0.0,0.0
1,3,40,1,0.0,0.0,0.0,0.0
1,3,40,2,0.0,0.0,0.0,0.0
1,3,40,3,0.0,0.0,0.0,0.0
1,3,40,4,0.0,0.0,0.0,0.0
1,3,40,5,0.0,0.0,0.0,0.0
1,3,41,1,0.0,0.0,0.0,0.0
1,3,41,2,0.0,0.0,0.0,0.0
1,3,41,3,0.0,0.0,0.0,0.0
1,3,41,4,0.0,0.0,0.0,0.0
1,3,41,5,0.0,0.0,0.0,0.0
1,3,42,1,0.0,0.0,0.0,0.0
1,3,42,2,0.0,0.0,0.0,0.0
1,3,42,3,0.0,0.0,0.0,0.0
1,3,42,4,0.0,0.0,0.0,0.0
1,3,42,5,0.0,0.0,0.0,0.0
1,3,43,1,0.0,0.0,0.0,0.0
1,3,43,2,0.0,0.0,0.0,0.0
1,3,43,3,0.0,0.0,0.0,0.0
1,3,43,4,0.0,0.0,0.0,0.0
1,3,43,5,0.0,0.0,0.0,0.0
1,3,44,1,0.0,0.0,0.0,0.0
1,3,44,2,0.0,0.0,0.0,0.0
1,3,44,3,0.0,0.0,0.0,0.0
1,3,44,4,0.0,0.0,0.0,0.0
1,3,44,5,0.0,0.0,0.0,0.0
1,3,45,1,0.0,0.0,0.0,0.0
1,3,45,2,0.0,0.0,0.0,0.0
1,3,45,3,0.0,0.0,0.0,0.0
1,3,45,4,0.0,0.0,0.0,0.0
1,3,45,5,0.0,0.0,0.0,0.0
1,3,46,1,0.0,0.0,0.0,0.0
1,3,46,2,0.0,0.0,0.0,0.0
1,3,46,3,0.0,0.0,0.0,0.0
1,3,46,4,0.0,0.0,0.0,0.0
1,3,46,5,0.0,0.0,0.0,0.0
1,3,47,1,0.0,0.0,0.0,0.0
1,3,47,2,0.0,0.0,0.0,0.0
1,3,47,3,0.0,0.0,0.0,0.0
1,3,47,4,0.0,0.0,0.0,0.0
1,3,47,5,0.0,0.0,0.0,0.0
1,3,48,1,0.0,0.0,0.0,0.0
1,3,48,2,0.0,0.0,0.0,0.0
1,3,48,3,0.0,0.0,0.0,0.0
1,3,48,4,0.0,0.0,0.0,0.0
1,3,48,5,0.0,0.0,0.0,0.0
1,4,1,1,47.0,43.40128948397938,10000.0,-0.0
1,4,1,2,47.0,32.4027991629369,10000.0,-0.0
1,4,1,3,47.0,26.402168081472666,10000.0,-0.0
1,4,1,4,47.0,26.903019899319,10000.0,-0.0
1,4,1,5,47.0,23.901757311707435,10000.0,-0.0
1,4,2,1,47.0,42.93288641625518,10000.0,-0.0
1,4,2,2,47.0,31.934250339911934,10000.0,-0.0
1,4,2,3,47.0,25.932176118762847,10000.0,-0.0
1,4,2,4,47.0,26.433899281472666,10000.0,-0.0
1,4,2,5,47.0,23.933457311707432,10000.0,-0.0
1,4,3,1,47.0,41.93040931038244,10000.0,-0.0
1,4,3,2,47.0,31.430352190928296,10000.0,-0.0
1,4,3,3,47.0,25.92996001876285,10000.0,-0.0
1,4,3,4,47.0,25.929997618762847,10000.0,-0.0
1,4,3,5,47.0,23.431174422717724,10000.0,-0.0
1,4,4,1,47.0,41.67439508685367,10000.0,-0.0
1,4,4,2,47.0,31.674479190928295,10000.0,-0.0
1,4,4,3,47.0,26.174087018762847,10000.0,-0.0
1,4,4,4,47.0,26.174097618762847,10000.0,-0.0
1,4,4,5,47.0,23.675274422717724,10000.0,-0.0
1,4,5,1,0.0,41.82396609092151,0.0,0.0
1,4,5,2,0.0,31.82634571576385,0.0,0.0
1,4,5,3,0.0,26.82379841876285,0.0,0.0
1,4,5,4,0.0,26.325365992783127,0.0,0.0
1,4,5,5,0.0,23.824876193579186,0.0,0.0
1,4,6,1,0.0,41.0922650714331,0.0,0.0
1,4,6,2,0.0,31.09413361725289,0.0,0.0
1,4,6,3,0.0,26.093796192783127,0.0,0.0
1,4,6,4,0.0,25.593807111038593,0.0,0.0
1,4,6,5,0.0,23.093190428112408,0.0,0.0
1,4,7,1,0.0,40.85260576681431,0.0,0.0
1,4,7,2,0.0,30.852125960381372,0.0,0.0
1,4,7,3,0.0,26.353333092783124,0.0,0.0
1,4,7,4,0.0,25.853407111038592,0.0,0.0
1,4,7,5,0.0,23.3527904281124,0.0,0.0
1,4,8,1,0.0,42.6519113425489,0.0,0.0
1,4,8,2,0.0,33.15147266038137,0.0,0.0
1,4,8,3,0.0,29.151111418762845,0.0,0.0
1,4,8,4,0.0,27.65182251406715,0.0,0.0
1,4,8,5,0.0,25.15240757993071,0.0,0.0
1,4,9,1,0.0,44.84370648314501,0.0,0.0
1,4,9,2,0.0,35.34379844801873,0.0,0.0
1,4,9,3,0.0,31.842928018762848,0.0,0.0
1,4,9,4,0.0,30.34362251406715,0.0,0.0
1,4,9,5,0.0,27.844207579930725,0.0,0.0
1,4,10,1,0.0,47.02820958314501,0.0,0.0
1,4,10,2,0.0,37.52830154801873,0.0,0.0
1,4,10,3,0.0,34.02743111876285,0.0,0.0
1,4,10,4,0.0,32.028657311707434,0.0,0.0
1,4,10,5,0.0,30.02870757993071,0.0,0.0
1,4,11,1,0.0,42.07329955686688,0.0,0.0
1,4,11,2,0.0,32.574674764864525,0.0,0.0
1,4,11,3,0.0,29.074079592783193,0.0,0.0
1,4,11,4,0.0,27.573757311707432,0.0,0.0
1,4,11,5,0.0,25.073807579945253,0.0,0.0
1,4,12,1,0.0,86.55225556681422,0.0,0.0
1,4,12,2,0.0,77.0533203172529,0.0,0.0
1,4,12,3,0.0,73.55393679931905,0.0,0.0
1,4,12,4,0.0,72.05296599278323,0.0,0.0
1,4,12,5,0.0,69.5524761935792,0.0,0.0
1,4,13,1,0.0,54.77353786681422,0.0,0.0
1,4,13,2,0.0,45.274602617252896,0.0,0.0
1,4,13,3,0.0,42.27363208602699,0.0,0.0
1,4,13,4,0.0,40.77269761876285,0.0,0.0
1,4,13,5,0.0,38.273874422717725,0.0,0.0
1,4,14,1,0.0,49.62596476681422,0.0,0.0
1,4,14,2,0.0,40.12702951725289,0.0,0.0
1,4,14,3,0.0,37.12605898602699,0.0,0.0
1,4,14,4,0.0,35.62509761876284,0.0,0.0
1,4,14,5,0.0,33.12627442271772,0.0,0.0
1,4,15,1,0.0,48.38548464254881,0.0,0.0
1,4,15,2,0.0,38.88504596038137,0.0,0.0
1,4,15,3,0.0,36.38561998602701,0.0,0.0
1,4,15,4,0.0,34.88469761876286,0.0,0.0
1,4,15,5,0.0,32.38587442271772,0.0,0.0
1,4,16,1,0.0,48.97047744254881,0.0,0.0
1,4,16,2,0.0,39.47003876038137,0.0,0.0
1,4,16,3,0.0,36.97061278602699,0.0,0.0
1,4,16,4,0.0,34.971265992783124,0.0,0.0
1,4,16,5,0.0,32.97087442271772,0.0,0.0
1,4,17,1,0.0,47.63586954254881,0.0,0.0
1,4,17,2,0.0,38.13543086038137,0.0,0.0
1,4,17,3,0.0,35.13759189931902,0.0,0.0
1,4,17,4,0.0,33.63666599278312,0.0,0.0
1,4,17,5,0.0,31.636274422717722,0.0,0.0
1,4,18,1,0.0,45.644983683145014,0.0,0.0
1,4,18,2,0.0,36.64456646038137,0.0,0.0
1,4,18,3,0.0,33.646727499319,0.0,0.0
1,4,18,4,0.0,32.145765992783126,0.0,0.0
1,4,18,5,0.0,30.145374422717722,0.0,0.0
1,4,19,1,0.0,67.81148386681421,0.0,0.0
1,4,19,2,0.0,58.31254861725289,0.0,0.0
1,4,19,3,0.0,55.811026172933325,0.0,0.0
1,4,19,4,0.0,54.31229928147266,0.0,0.0
1,4,19,5,0.0,52.31132251406714,0.0,0.0
1,4,20,1,0.0,56.130943666814545,0.0,0.0
1,4,20,2,0.0,46.63200841725289,0.0,0.0
1,4,20,3,0.0,44.63178839328417,0.0,0.0
1,4,20,4,0.0,43.132619899318996,0.0,0.0
1,4,20,5,0.0,41.131707111038594,0.0,0.0
1,4,21,1,47.0,49.42781306681422,0.0,-0.0
1,4,21,2,47.0,39.928877817252925,10000.0,-0.0
1,4,21,3,47.0,37.9286577932842,10000.0,-0.0
1,4,21,4,47.0,36.429519899319,10000.0,-0.0
1,4,21,5,47.0,34.428607111038595,10000.0,-0.0
1,4,22,1,47.0,49.37423706681422,0.0,-0.0
1,4,22,2,47.0,39.87530181725293,10000.0,-0.0
1,4,22,3,47.0,38.375559564864545,10000.0,-0.0
1,4,22,4,47.0,36.874332886026984,10000.0,-0.0
1,4,22,5,47.0,34.874965992783125,10000.0,-0.0
1,4,23,1,47.0,49.872878871433,0.0,-0.0
1,4,23,2,47.0,40.37538891576389,10000.0,-0.0
1,4,23,3,47.0,38.87371204801873,10000.0,-0.0
1,4,23,4,47.0,37.373180972933326,10000.0,-0.0
1,4,23,5,47.0,35.37279761876289,10000.0,-0.0
1,4,24,1,47.0,45.24213426681422,10000.0,-0.0
1,4,24,2,47.0,36.24384051576385,10000.0,-0.0
1,4,24,3,47.0,35.24165446038137,10000.0,-0.0
1,4,24,4,47.0,33.241680972933324,10000.0,-0.0
1,4,24,5,47.0,31.24129761876287,10000.0,-0.0
1,4,25,1,47.0,44.51450026681422,10000.0,-0.0
1,4,25,2,47.0,35.51620651576387,10000.0,-0.0
1,4,25,3,47.0,34.5140204603814,10000.0,-0.0
1,4,25,4,47.0,32.51408097293333,10000.0,-0.0
1,4,25,5,47.0,31.015399281472668,10000.0,-0.0
1,4,26,1,47.0,43.425989542548805,10000.0,-0.0
1,4,26,2,47.0,34.92773691576342,10000.0,-0.0
1,4,26,3,47.0,33.925550860381364,10000.0,-0.0
1,4,26,4,47.0,31.925580972933346,10000.0,-0.0
1,4,26,5,47.0,30.426899281472664,10000.0,-0.0
1,4,27,1,47.0,45.27204074254881,10000.0,-0.0
1,4,27,2,47.0,36.27314661725289,10000.0,-0.0
1,4,27,3,47.0,36.273146617252934,10000.0,-0.0
1,4,27,4,47.0,33.77158097293333,10000.0,-0.0
1,4,27,5,47.0,32.27289928147269,10000.0,-0.0
1,4,28,1,47.0,46.88803834254881,10000.0,-0.0
1,4,28,2,47.0,37.88914421725289,10000.0,-0.0
1,4,28,3,47.0,37.88914421725289,10000.0,-0.0
1,4,28,4,47.0,35.38758097293333,10000.0,-0.0
1,4,28,5,47.0,34.38971989931903,10000.0,-0.0
1,4,29,1,47.0,45.89320954254881,10000.0,-0.0
1,4,29,2,47.0,36.89431541725291,10000.0,-0.0
1,4,29,3,47.0,37.394956915763885,10000.0,-0.0
1,4,29,4,47.0,34.39278097293332,10000.0,-0.0
1,4,29,5,47.0,33.39491989931901,10000.0,-0.0
1,4,30,1,47.0,46.43940808314501,10000.0,-0.0
1,4,30,2,47.0,37.94053541725289,10000.0,-0.0
1,4,30,3,47.0,38.44117691576385,10000.0,-0.0
1,4,30,4,47.0,35.43898097293332,10000.0,-0.0
1,4,30,5,47.0,34.939532886027024,10000.0,-0.0
1,4,31,1,47.0,47.04674808314503,0.0,-0.0
1,4,31,2,47.0,38.54787541725291,10000.0,-0.0
1,4,31,3,47.0,39.546361790928295,10000.0,-0.0
1,4,31,4,47.0,36.54768339328417,10000.0,-0.0
1,4,31,5,47.0,35.54693288602701,10000.0,-0.0
1,4,32,1,47.0,48.36250408314501,0.0,-0.0
1,4,32,2,47.0,39.86363141725289,10000.0,-0.0
1,4,32,3,47.0,40.862117790928295,10000.0,-0.0
1,4,32,4,47.0,37.86338339328418,10000.0,-0.0
1,4,32,5,47.0,37.36208097293333,10000.0,-0.0
1,4,33,1,47.0,44.984879283145034,10000.0,-0.0
1,4,33,2,47.0,36.4860066172529,10000.0,-0.0
1,4,33,3,47.0,37.4844929909283,10000.0,-0.0
1,4,33,4,47.0,34.485783393284166,10000.0,-0.0
1,4,33,5,47.0,33.984480972933326,10000.0,-0.0
1,4,34,1,47.0,43.97154995686688,10000.0,-0.0
1,4,34,2,47.0,35.97266741725291,10000.0,-0.0
1,4,34,3,47.0,36.9711537909283,10000.0,-0.0
1,4,34,4,47.0,33.972483393284165,10000.0,-0.0
1,4,34,5,47.0,33.972483393284165,10000.0,-0.0
1,4,35,1,47.0,42.751235756866876,10000.0,-0.0
1,4,35,2,47.0,34.75235321725293,10000.0,-0.0
1,4,35,3,47.0,35.750839590928294,10000.0,-0.0
1,4,35,4,47.0,32.75208339328417,10000.0,-0.0
1,4,35,5,47.0,32.75208339328421,10000.0,-0.0
1,4,36,1,47.0,41.635754287757806,10000.0,-0.0
1,4,36,2,47.0,33.63600596038137,10000.0,-0.0
1,4,36,3,47.0,34.63819201576385,10000.0,-0.0
1,4,36,4,47.0,31.635980972933325,10000.0,-0.0
1,4,36,5,47.0,31.635980972933325,10000.0,-0.0
1,4,37,1,47.0,40.411942473472095,10000.0,-0.0
1,4,37,2,47.0,31.912703333733027,10000.0,-0.0
1,4,37,3,47.0,33.41438020147814,10000.0,-0.0
1,4,37,4,47.0,30.412180972933328,10000.0,-0.0
1,4,37,5,47.0,30.412180972933328,10000.0,-0.0
1,4,38,1,47.0,40.81119809071738,10000.0,-0.0
1,4,38,2,47.0,32.81161804801873,10000.0,-0.0
1,4,38,3,47.0,33.81265341725289,10000.0,-0.0
1,4,38,4,47.0,30.811732886026988,10000.0,-0.0
1,4,38,5,47.0,30.811732886026988,10000.0,-0.0
1,4,39,1,47.0,40.67497047788484,10000.0,-0.0
1,4,39,2,47.0,32.676604914864555,10000.0,-0.0
1,4,39,3,47.0,33.674802610381334,10000.0,-0.0
1,4,39,4,47.0,31.175332886026986,10000.0,-0.0
1,4,39,5,47.0,31.175332886026986,10000.0,-0.0
1,4,40,1,47.0,40.501183916020224,10000.0,-0.0
1,4,40,2,47.0,33.0028610398645,10000.0,-0.0
1,4,40,3,47.0,34.00105873538136,10000.0,-0.0
1,4,40,4,47.0,31.003219899319,10000.0,-0.0
1,4,40,5,47.0,31.003219899319006,10000.0,-0.0
1,4,41,1,47.0,39.355224135531174,10000.0,-0.0
1,4,41,2,47.0,31.856775250427063,10000.0,-0.0
1,4,41,3,47.0,32.85595990516158,10000.0,-0.0
1,4,41,4,47.0,29.856799281472668,10000.0,-0.0
1,4,41,5,47.0,30.357619899318998,10000.0,-0.0
1,4,42,1,47.0,39.26738293477089,10000.0,-0.0
1,4,42,2,47.0,32.26877453614131,10000.0,-0.0
1,4,42,3,47.0,32.76925230772164,10000.0,-0.0
1,4,42,4,47.0,30.268799281472667,10000.0,-0.0
1,4,42,5,47.0,30.268799281472667,10000.0,-0.0
1,4,43,1,47.0,38.15169228095489,10000.0,-0.0
1,4,43,2,47.0,31.151541115790508,10000.0,-0.0
1,4,43,3,47.0,32.15332130772164,10000.0,-0.0
1,4,43,4,47.0,29.151197618762858,10000.0,-0.0
1,4,43,5,47.0,29.652899281472685,10000.0,-0.0
1,4,44,1,47.0,38.122232138097786,10000.0,-0.0
1,4,44,2,47.0,30.62263288602702,10000.0,-0.0
1,4,44,3,47.0,31.623383393284165,10000.0,-0.0
1,4,44,4,47.0,29.121697618762845,10000.0,-0.0
1,4,44,5,47.0,29.12169761876288,10000.0,-0.0
1,4,45,1,47.0,36.772516456641114,10000.0,-0.0
1,4,45,2,47.0,29.773347171741307,10000.0,-0.0
1,4,45,3,47.0,30.774097678998686,10000.0,-0.0
1,4,45,4,47.0,27.773965992783126,10000.0,-0.0
1,4,45,5,47.0,27.773965992783126,10000.0,-0.0
1,4,46,1,47.0,36.21552124885144,10000.0,-0.0
1,4,46,2,47.0,29.215469899319032,10000.0,-0.0
1,4,46,3,47.0,30.213330972933328,10000.0,-0.0
1,4,46,4,47.0,27.214607111038575,10000.0,-0.0
1,4,46,5,47.0,27.71456599278313,10000.0,-0.0
1,4,47,1,47.0,34.85240123154304,10000.0,-0.0
1,4,47,2,47.0,28.35296989931902,10000.0,-0.0
1,4,47,3,47.0,28.851382886026986,10000.0,-0.0
1,4,47,4,47.0,26.352107111038592,10000.0,-0.0
1,4,47,5,47.0,26.352107111038592,10000.0,-0.0
1,4,48,1,47.0,34.542237890338875,10000.0,-0.0
1,4,48,2,47.0,28.544219899319017,10000.0,-0.0
1,4,48,3,47.0,28.544219899318996,10000.0,-0.0
1,4,48,4,47.0,26.042422514067148,10000.0,-0.0
1,4,48,5,47.0,26.042422514067148,10000.0,-0.0
2,1,1,1,0.0,0.0,0.0,0.0
2,1,1,2,0.0,0.0,0.0,0.0
2,1,1,3,0.0,0.0,0.0,0.0
2,1,1,4,0.0,0.0,0.0,0.0
2,1,1,5,0.0,0.0,0.0,0.0
2,1,2,1,0.0,0.0,0.0,0.0
2,1,2,2,0.0,0.0,0.0,0.0
2,1,2,3,0.0,0.0,0.0,0.0
2,1,2,4,0.0,0.0,0.0,0.0
2,1,2,5,0.0,0.0,0.0,0.0
2,1,3,1,0.0,0.0,0.0,0.0
2,1,3,2,0.0,0.0,0.0,0.0
2,1,3,3,0.0,0.0,0.0,0.0
2,1,3,4,0.0,0.0,0.0,0.0
2,1,3,5,0.0,0.0,0.0,0.0
2,1,4,1,0.0,0.0,0.0,0.0
2,1,4,2,0.0,0.0,0.0,0.0
2,1,4,3,0.0,0.0,0.0,0.0
2,1,4,4,0.0,0.0,0.0,0.0
2,1,4,5,0.0,0.0,0.0,0.0
2,1,5,1,0.0,0.0,0.0,0.0
2,1,5,2,0.0,0.0,0.0,0.0
2,1,5,3,0.0,0.0,0.0,0.0
2,1,5,4,0.0,0.0,0.0,0.0
2,1,5,5,0.0,0.0,0.0,0.0
2,1,6,1,0.0,0.0,0.0,0.0
2,1,6,2,0.0,0.0,0.0,0.0
2,1,6,3,0.0,0.0,0.0,0.0
2,1,6,4,0.0,0.0,0.0,0.0
2,1,6,5,0.0,0.0,0.0,0.0
2,1,7,1,0.0,0.0,0.0,0.0
2,1,7,2,0.0,0.0,0.0,0.0
2,1,7,3,0.0,0.0,0.0,0.0
2,1,7,4,0.0,0.0,0.0,0.0
2,1,7,5,0.0,0.0,0.0,0.0
2,1,8,1,0.0,0.0,0.0,0.0
2,1,8,2,0.0,0.0,0.0,0.0
2,1,8,3,0.0,0.0,0.0,0.0
2,1,8,4,0.0,0.0,0.0,0.0
2,1,8,5,0.0,0.0,0.0,0.0
2,1,9,1,0.0,0.0,0.0,0.0
2,1,9,2,0.0,0.0,0.0,0.0
2,1,9,3,0.0,0.0,0.0,0.0
2,1,9,4,0.0,0.0,0.0,0.0
2,1,9,5,0.0,0.0,0.0,0.0
2,1,10,1,0.0,0.0,0.0,0.0
2,1,10,2,0.0,0.0,0.0,0.0
2,1,10,3,0.0,0.0,0.0,0.0
2,1,10,4,0.0,0.0,0.0,0.0
2,1,10,5,0.0,0.0,0.0,0.0
2,1,11,1,0.0,0.0,0.0,0.0
2,1,11,2,0.0,0.0,0.0,0.0
2,1,11,3,0.0,0.0,0.0,0.0
2,1,11,4,0.0,0.0,0.0,0.0
2,1,11,5,0.0,0.0,0.0,0.0
2,1,12,1,0.0,0.0,0.0,0.0
2,1,12,2,0.0,0.0,0.0,0.0
2,1,12,3,0.0,0.0,0.0,0.0
2,1,12,4,0.0,0.0,0.0,0.0
2,1,12,5,0.0,0.0,0.0,0.0
2,1,13,1,0.0,0.0,0.0,0.0
2,1,13,2,0.0,0.0,0.0,0.0
2,1,13,3,0.0,0.0,0.0,0.0
2,1,13,4,0.0,0.0,0.0,0.0
2,1,13,5,0.0,0.0,0.0,0.0
2,1,14,1,0.0,0.0,0.0,0.0
2,1,14,2,0.0,0.0,0.0,0.0
2,1,14,3,0.0,0.0,0.0,0.0
2,1,14,4,0.0,0.0,0.0,0.0
2,1,14,5,0.0,0.0,0.0,0.0
2,1,15,1,0.0,0.0,0.0,0.0
2,1,15,2,0.0,0.0,0.0,0.0
2,1,15,3,0.0,0.0,0.0,0.0
2,1,15,4,0.0,0.0,0.0,0.0
2,1,15,5,0.0,0.0,0.0,0.0
2,1,16,1,0.0,0.0,0.0,0.0
2,1,16,2,0.0,0.0,0.0,0.0
2,1,16,3,0.0,0.0,0.0,0.0
2,1,16,4,0.0,0.0,0.0,0.0
2,1,16,5,0.0,0.0,0.0,0.0
2,1,17,1,0.0,0.0,0.0,0.0
2,1,17,2,0.0,0.0,0.0,0.0
2,1,17,3,0.0,0.0,0.0,0.0
2,1,17,4,0.0,0.0,0.0,0.0
2,1,17,5,0.0,0.0,0.0,0.0
2,1,18,1,0.0,0.0,0.0,0.0
2,1,18,2,0.0,0.0,0.0,0.0
2,1,18,3,0.0,0.0,0.0,0.0
2,1,18,4,0.0,0.0,0.0,0.0
2,1,18,5,0.0,0.0,0.0,0.0
2,1,19,1,0.0,0.0,0.0,0.0
2,1,19,2,0.0,0.0,0.0,0.0
2,1,19,3,0.0,0.0,0.0,0.0
2,1,19,4,0.0,0.0,0.0,0.0
2,1,19,5,0.0,0.0,0.0,0.0
2,1,20,1,0.0,0.0,0.0,0.0
2,1,20,2,0.0,0.0,0.0,0.0
2,1,20,3,0.0,0.0,0.0,0.0
2,1,20,4,0.0,0.0,0.0,0.0
2,1,20,5,0.0,0.0,0.0,0.0
2,1,21,1,0.0,0.0,0.0,0.0
2,1,21,2,0.0,0.0,0.0,0.0
2,1,21,3,0.0,0.0,0.0,0.0
2,1,21,4,0.0,0.0,0.0,0.0
2,1,21,5,0.0,0.0,0.0,0.0
2,1,22,1,0.0,0.0,0.0,0.0
2,1,22,2,0.0,0.0,0.0,0.0
2,1,22,3,0.0,0.0,0.0,0.0
2,1,22,4,0.0,0.0,0.0,0.0
2,1,22,5,0.0,0.0,0.0,0.0
2,1,23,1,0.0,0.0,0.0,0.0
2,1,23,2,0.0,0.0,0.0,0.0
2,1,23,3,0.0,0.0,0.0,0.0
2,1,23,4,0.0,0.0,0.0,0.0
2,1,23,5,0.0,0.0,0.0,0.0
2,1,24,1,0.0,0.0,0.0,0.0
2,1,24,2,0.0,0.0,0.0,0.0
2,1,24,3,0.0,0.0,0.0,0.0
2,1,24,4,0.0,0.0,0.0,0.0
2,1,24,5,0.0,0.0,0.0,0.0
2,1,25,1,0.0,0.0,0.0,0.0
2,1,25,2,0.0,0.0,0.0,0.0
2,1,25,3,0.0,0.0,0.0,0.0
2,1,25,4,0.0,0.0,0.0,0.0
2,1,25,5,0.0,0.0,0.0,0.0
2,1,26,1,0.0,0.0,0.0,0.0
2,1,26,2,0.0,0.0,0.0,0.0
2,1,26,3,0.0,0.0,0.0,0.0
2,1,26,4,0.0,0.0,0.0,0.0
2,1,26,5,0.0,0.0,0.0,0.0
2,1,27,1,0.0,0.0,0.0,0.0
2,1,27,2,0.0,0.0,0.0,0.0
2,1,27,3,0.0,0.0,0.0,0.0
2,1,27,4,0.0,0.0,0.0,0.0
2,1,27,5,0.0,0.0,0.0,0.0
2,1,28,1,0.0,0.0,0.0,0.0
2,1,28,2,0.0,0.0,0.0,0.0
2,1,28,3,0.0,0.0,0.0,0.0
2,1,28,4,0.0,0.0,0.0,0.0
2,1,28,5,0.0,0.0,0.0,0.0
2,1,29,1,0.0,0.0,0.0,0.0
2,1,29,2,0.0,0.0,0.0,0.0
2,1,29,3,0.0,0.0,0.0,0.0
2,1,29,4,0.0,0.0,0.0,0.0
2,1,29,5,0.0,0.0,0.0,0.0
2,1,30,1,0.0,0.0,0.0,0.0
2,1,30,2,0.0,0.0,0.0,0.0
2,1,30,3,0.0,0.0,0.0,0.0
2,1,30,4,0.0,0.0,0.0,0.0
2,1,30,5,0.0,0.0,0.0,0.0
2,1,31,1,0.0,0.0,0.0,0.0
2,1,31,2,0.0,0.0,0.0,0.0
2,1,31,3,0.0,0.0,0.0,0.0
2,1,31,4,0.0,0.0,0.0,0.0
2,1,31,5,0.0,0.0,0.0,0.0
2,1,32,1,0.0,0.0,0.0,0.0
2,1,32,2,0.0,0.0,0.0,0.0
2,1,32,3,0.0,0.0,0.0,0.0
2,1,32,4,0.0,0.0,0.0,0.0
2,1,32,5,0.0,0.0,0.0,0.0
2,1,33,1,0.0,0.0,0.0,0.0
2,1,33,2,0.0,0.0,0.0,0.0
2,1,33,3,0.0,0.0,0.0,0.0
2,1,33,4,0.0,0.0,0.0,0.0
2,1,33,5,0.0,0.0,0.0,0.0
2,1,34,1,0.0,0.0,0.0,0.0
2,1,34,2,0.0,0.0,0.0,0.0
2,1,34,3,0.0,0.0,0.0,0.0
2,1,34,4,0.0,0.0,0.0,0.0
2,1,34,5,0.0,0.0,0.0,0.0
2,1,35,1,0.0,0.0,0.0,0.0
2,1,35,2,0.0,0.0,0.0,0.0
2,1,35,3,0.0,0.0,0.0,0.0
2,1,35,4,0.0,0.0,0.0,0.0
2,1,35,5,0.0,0.0,0.0,0.0
2,1,36,1,0.0,0.0,0.0,0.0
2,1,36,2,0.0,0.0,0.0,0.0
2,1,36,3,0.0,0.0,0.0,0.0
2,1,36,4,0.0,0.0,0.0,0.0
2,1,36,5,0.0,0.0,0.0,0.0
2,1,37,1,0.0,0.0,0.0,0.0
2,1,37,2,0.0,0.0,0.0,0.0
2,1,37,3,0.0,0.0,0.0,0.0
2,1,37,4,0.0,0.0,0.0,0.0
2,1,37,5,0.0,0.0,0.0,0.0
2,1,38,1,0.0,0.0,0.0,0.0
2,1,38,2,0.0,0.0,0.0,0.0
2,1,38,3,0.0,0.0,0.0,0.0
2,1,38,4,0.0,0.0,0.0,0.0
2,1,38,5,0.0,0.0,0.0,0.0
2,1,39,1,0.0,0.0,0.0,0.0
2,1,39,2,0.0,0.0,0.0,0.0
2,1,39,3,0.0,0.0,0.0,0.0
2,1,39,4,0.0,0.0,0.0,0.0
2,1,39,5,0.0,0.0,0.0,0.0
2,1,40,1,0.0,0.0,0.0,0.0
2,1,40,2,0.0,0.0,0.0,0.0
2,1,40,3,0.0,0.0,0.0,0.0
2,1,40,4,0.0,0.0,0.0,0.0
2,1,40,5,0.0,0.0,0.0,0.0
2,1,41,1,0.0,0.0,0.0,0.0
2,1,41,2,0.0,0.0,0.0,0.0
2,1,41,3,0.0,0.0,0.0,0.0
2,1,41,4,0.0,0.0,0.0,0.0
2,1,41,5,0.0,0.0,0.0,0.0
2,1,42,1,0.0,0.0,0.0,0.0
2,1,42,2,0.0,0.0,0.0,0.0
2,1,42,3,0.0,0.0,0.0,0.0
2,1,42,4,0.0,0.0,0.0,0.0
2,1,42,5,0.0,0.0,0.0,0.0
2,1,43,1,0.0,0.0,0.0,0.0
2,1,43,2,0.0,0.0,0.0,0.0
2,1,43,3,0.0,0.0,0.0,0.0
2,1,43,4,0.0,0.0,0.0,0.0
2,1,43,5,0.0,0.0,0.0,0.0
2,1,44,1,0.0,0.0,0.0,0.0
2,1,44,2,0.0,0.0,0.0,0.0
2,1,44,3,0.0,0.0,0.0,0.0
2,1,44,4,0.0,0.0,0.0,0.0
2,1,44,5,0.0,0.0,0.0,0.0
2,1,45,1,0.0,0.0,0.0,0.0
2,1,45,2,0.0,0.0,0.0,0.0
2,1,45,3,0.0,0.0,0.0,0.0
2,1,45,4,0.0,0.0,0.0,0.0
2,1,45,5,0.0,0.0,0.0,0.0
2,1,46,1,0.0,0.0,0.0,0.0
2,1,46,2,0.0,0.0,0.0,0.0
2,1,46,3,0.0,0.0,0.0,0.0
2,1,46,4,0.0,0.0,0.0,0.0
2,1,46,5,0.0,0.0,0.0,0.0
2,1,47,1,0.0,0.0,0.0,0.0
2,1,47,2,0.0,0.0,0.0,0.0
2,1,47,3,0.0,0.0,0.0,0.0
2,1,47,4,0.0,0.0,0.0,0.0
2,1,47,5,0.0,0.0,0.0,0.0
2,1,48,1,0.0,0.0,0.0,0.0
2,1,48,2,0.0,0.0,0.0,0.0
2,1,48,3,0.0,0.0,0.0,0.0
2,1,48,4,0.0,0.0,0.0,0.0
2,1,48,5,0.0,0.0,0.0,0.0
2,2,1,1,10.600000000000001,10.6,0.0,-0.0
2,2,1,2,10.600000000000001,10.6,0.0,-0.0
2,2,1,3,10.600000000000001,10.6,0.0,-0.0
2,2,1,4,10.600000000000001,10.6,0.0,-0.0
2,2,1,5,10.600000000000001,10.6,0.0,-0.0
2,2,2,1,10.600000000000001,10.6,0.0,-0.0
2,2,2,2,10.600000000000001,10.6,0.0,-0.0
2,2,2,3,10.600000000000001,10.6,0.0,-0.0
2,2,2,4,10.600000000000001,10.6,0.0,-0.0
2,2,2,5,10.600000000000001,10.6,0.0,-0.0
2,2,3,1,10.600000000000001,10.6,0.0,-0.0
2,2,3,2,10.600000000000001,10.6,0.0,-0.0
2,2,3,3,10.600000000000001,10.6,0.0,-0.0
2,2,3,4,10.600000000000001,10.6,0.0,-0.0
2,2,3,5,10.600000000000001,10.6,0.0,-0.0
2,2,4,1,10.600000000000001,10.6,0.0,-0.0
2,2,4,2,10.600000000000001,10.6,0.0,-0.0
2,2,4,3,10.600000000000001,10.6,0.0,-0.0
2,2,4,4,10.600000000000001,10.6,0.0,-0.0
2,2,4,5,10.600000000000001,10.6,0.0,-0.0
2,2,5,1,0.0,0.0,0.0,0.0
2,2,5,2,0.0,0.0,0.0,0.0
2,2,5,3,0.0,0.0,0.0,0.0
2,2,5,4,0.0,0.0,0.0,0.0
2,2,5,5,0.0,0.0,0.0,0.0
2,2,6,1,0.0,0.0,0.0,0.0
2,2,6,2,0.0,0.0,0.0,0.0
2,2,6,3,0.0,0.0,0.0,0.0
2,2,6,4,0.0,0.0,0.0,0.0
2,2,6,5,0.0,0.0,0.0,0.0
2,2,7,1,0.0,0.0,0.0,0.0
2,2,7,2,0.0,0.0,0.0,0.0
2,2,7,3,0.0,0.0,0.0,0.0
2,2,7,4,0.0,0.0,0.0,0.0
2,2,7,5,0.0,0.0,0.0,0.0
2,2,8,1,0.0,0.0,0.0,0.0
2,2,8,2,0.0,0.0,0.0,0.0
2,2,8,3,0.0,0.0,0.0,0.0
2,2,8,4,0.0,0.0,0.0,0.0
2,2,8,5,0.0,0.0,0.0,0.0
2,2,9,1,0.0,0.0,0.0,0.0
2,2,9,2,0.0,0.0,0.0,0.0
2,2,9,3,0.0,0.0,0.0,0.0
2,2,9,4,0.0,0.0,0.0,0.0
2,2,9,5,0.0,0.0,0.0,0.0
2,2,10,1,0.0,0.0,0.0,0.0
2,2,10,2,0.0,0.0,0.0,0.0
2,2,10,3,0.0,0.0,0.0,0.0
2,2,10,4,0.0,0.0,0.0,0.0
2,2,10,5,0.0,0.0,0.0,0.0
2,2,11,1,0.0,0.0,0.0,0.0
2,2,11,2,0.0,0.0,0.0,0.0
2,2,11,3,0.0,0.0,0.0,0.0
2,2,11,4,0.0,0.0,0.0,0.0
2,2,11,5,0.0,0.0,0.0,0.0
2,2,12,1,0.0,0.0,0.0,0.0
2,2,12,2,0.0,0.0,0.0,0.0
2,2,12,3,0.0,0.0,0.0,0.0
2,2,12,4,0.0,0.0,0.0,0.0
2,2,12,5,0.0,0.0,0.0,0.0
2,2,13,1,0.0,0.0,0.0,0.0
2,2,13,2,0.0,0.0,0.0,0.0
2,2,13,3,0.0,0.0,0.0,0.0
2,2,13,4,0.0,0.0,0.0,0.0
2,2,13,5,0.0,0.0,0.0,0.0
2,2,14,1,0.0,0.0,0.0,0.0
2,2,14,2,0.0,0.0,0.0,0.0
2,2,14,3,0.0,0.0,0.0,0.0
2,2,14,4,0.0,0.0,0.0,0.0
2,2,14,5,0.0,0.0,0.0,0.0
2,2,15,1,0.0,0.0,0.0,0.0
2,2,15,2,0.0,0.0,0.0,0.0
2,2,15,3,0.0,0.0,0.0,0.0
2,2,15,4,0.0,0.0,0.0,0.0
2,2,15,5,0.0,0.0,0.0,0.0
2,2,16,1,0.0,0.0,0.0,0.0
2,2,16,2,0.0,0.0,0.0,0.0
2,2,16,3,0.0,0.0,0.0,0.0
2,2,16,4,0.0,0.0,0.0,0.0
2,2,16,5,0.0,0.0,0.0,0.0
2,2,17,1,0.0,0.0,0.0,0.0
2,2,17,2,0.0,0.0,0.0,0.0
2,2,17,3,0.0,0.0,0.0,0.0
2,2,17,4,0.0,0.0,0.0,0.0
2,2,17,5,0.0,0.0,0.0,0.0
2,2,18,1,0.0,0.0,0.0,0.0
2,2,18,2,0.0,0.0,0.0,0.0
2,2,18,3,0.0,0.0,0.0,0.0
2,2,18,4,0.0,0.0,0.0,0.0
2,2,18,5,0.0,0.0,0.0,0.0
2,2,19,1,0.0,0.0,0.0,0.0
2,2,19,2,0.0,0.0,0.0,0.0
2,2,19,3,0.0,0.0,0.0,0.0
2,2,19,4,0.0,0.0,0.0,0.0
2,2,19,5,0.0,0.0,0.0,0.0
2,2,20,1,0.0,0.0,0.0,0.0
2,2,20,2,0.0,0.0,0.0,0.0
2,2,20,3,0.0,0.0,0.0,0.0
2,2,20,4,0.0,0.0,0.0,0.0
2,2,20,5,0.0,0.0,0.0,0.0
2,2,21,1,15.899999999999999,20.0,0.0,-0.0
2,2,21,2,15.899999999999999,15.9,0.0,-0.0
2,2,21,3,15.899999999999999,15.9,0.0,-0.0
2,2,21,4,15.899999999999999,15.9,0.0,-0.0
2,2,21,5,15.899999999999999,15.9,0.0,-0.0
2,2,22,1,15.899999999999999,20.0,0.0,-0.0
2,2,22,2,15.899999999999999,15.9,0.0,-0.0
2,2,22,3,15.899999999999999,15.9,0.0,-0.0
2,2,22,4,15.899999999999999,84.31633288602697,0.0,-0.0
2,2,22,5,15.899999999999999,15.9,0.0,-0.0
2,2,23,1,15.899999999999999,54.728860000000125,0.0,-0.0
2,2,23,2,15.899999999999999,143.56578017220065,0.0,-0.0
2,2,23,3,15.899999999999999,15.9,0.0,-0.0
2,2,23,4,15.899999999999999,134.42708097293334,0.0,-0.0
2,2,23,5,15.899999999999999,15.9,0.0,-0.0
2,2,24,1,15.899999999999999,15.9,0.0,-0.0
2,2,24,2,15.899999999999999,15.9,0.0,-0.0
2,2,24,3,15.899999999999999,15.9,0.0,-0.0
2,2,24,4,15.899999999999999,15.9,0.0,-0.0
2,2,24,5,15.899999999999999,15.9,0.0,-0.0
2,2,25,1,34.45,34.45,0.0,-0.0
2,2,25,2,34.45,34.45,0.0,-0.0
2,2,25,3,34.45,34.45,0.0,-0.0
2,2,25,4,34.45,34.45,0.0,-0.0
2,2,25,5,34.45,34.45,0.0,-0.0
2,2,26,1,34.45,34.45,0.0,-0.0
2,2,26,2,34.45,34.45,0.0,-0.0
2,2,26,3,34.45,34.45,0.0,-0.0
2,2,26,4,34.45,34.45,0.0,-0.0
2,2,26,5,34.45,34.45,0.0,-0.0
2,2,27,1,34.45,34.45,0.0,-0.0
2,2,27,2,34.45,34.45,0.0,-0.0
2,2,27,3,34.45,34.45,0.0,-0.0
2,2,27,4,34.45,34.45,0.0,-0.0
2,2,27,5,34.45,34.45,0.0,-0.0
2,2,28,1,34.45,34.45,0.0,-0.0
2,2,28,2,34.45,34.45,0.0,-0.0
2,2,28,3,34.45,34.45,0.0,-0.0
2,2,28,4,34.45,34.45,0.0,-0.0
2,2,28,5,34.45,34.45,0.0,-0.0
2,2,29,1,45.05,45.05,0.0,-0.0
2,2,29,2,45.05,45.05,0.0,-0.0
2,2,29,3,45.05,45.05,0.0,-0.0
2,2,29,4,45.05,45.05,0.0,-0.0
2,2,29,5,45.05,45.05,0.0,-0.0
2,2,30,1,45.05,45.05,0.0,-0.0
2,2,30,2,45.05,45.05,0.0,-0.0
2,2,30,3,45.05,45.05,0.0,-0.0
2,2,30,4,45.05,45.05,0.0,-0.0
2,2,30,5,45.05,45.05,0.0,-0.0
2,2,31,1,45.05,45.05,0.0,-0.0
2,2,31,2,45.05,45.05,0.0,-0.0
2,2,31,3,45.05,45.05,0.0,-0.0
2,2,31,4,45.05,45.05,0.0,-0.0
2,2,31,5,45.05,45.05,0.0,-0.0
2,2,32,1,45.05,47.738989394189986,0.0,-0.0
2,2,32,2,45.05,45.05,0.0,-0.0
2,2,32,3,45.05,45.05,0.0,-0.0
2,2,32,4,45.05,45.05,0.0,-0.0
2,2,32,5,45.05,45.05,0.0,-0.0
2,2,33,1,53.0,53.0,0.0,-0.0
2,2,33,2,53.0,53.0,0.0,-0.0
2,2,33,3,53.0,53.0,0.0,-0.0
2,2,33,4,53.0,53.0,0.0,-0.0
2,2,33,5,53.0,53.0,0.0,-0.0
2,2,34,1,53.0,53.0,0.0,-0.0
2,2,34,2,53.0,53.0,0.0,-0.0
2,2,34,3,53.0,53.0,0.0,-0.0
2,2,34,4,53.0,53.0,0.0,-0.0
2,2,34,5,53.0,53.0,0.0,-0.0
2,2,35,1,53.0,53.0,0.0,-0.0
2,2,35,2,53.0,53.0,0.0,-0.0
2,2,35,3,53.0,53.0,0.0,-0.0
2,2,35,4,53.0,53.0,0.0,-0.0
2,2,35,5,53.0,53.0,0.0,-0.0
2,2,36,1,53.0,53.0,0.0,-0.0
2,2,36,2,53.0,53.0,0.0,-0.0
2,2,36,3,53.0,53.0,0.0,-0.0
2,2,36,4,53.0,53.0,0.0,-0.0
2,2,36,5,53.0,53.0,0.0,-0.0
2,2,37,1,53.0,53.0,0.0,-0.0
2,2,37,2,53.0,53.0,0.0,-0.0
2,2,37,3,53.0,53.0,0.0,-0.0
2,2,37,4,53.0,53.0,0.0,-0.0
2,2,37,5,53.0,53.0,0.0,-0.0
2,2,38,1,53.0,53.0,0.0,-0.0
2,2,38,2,53.0,53.0,0.0,-0.0
2,2,38,3,53.0,53.0,0.0,-0.0
2,2,38,4,53.0,53.0,0.0,-0.0
2,2,38,5,53.0,53.0,0.0,-0.0
2,2,39,1,53.0,53.0,0.0,-0.0
2,2,39,2,53.0,53.0,0.0,-0.0
2,2,39,3,53.0,53.0,0.0,-0.0
2,2,39,4,53.0,53.0,0.0,-0.0
2,2,39,5,53.0,53.0,0.0,-0.0
2,2,40,1,53.0,53.0,0.0,-0.0
2,2,40,2,53.0,53.0,0.0,-0.0
2,2,40,3,53.0,53.0,0.0,-0.0
2,2,40,4,53.0,53.0,0.0,-0.0
2,2,40,5,53.0,53.0,0.0,-0.0
2,2,41,1,42.400000000000006,42.4,0.0,-0.0
2,2,41,2,42.400000000000006,42.4,0.0,-0.0
2,2,41,3,42.400000000000006,42.4,0.0,-0.0
2,2,41,4,42.400000000000006,42.4,0.0,-0.0
2,2,41,5,42.400000000000006,42.4,0.0,-0.0
2,2,42,1,42.400000000000006,42.4,0.0,-0.0
2,2,42,2,42.400000000000006,42.4,0.0,-0.0
2,2,42,3,42.400000000000006,42.4,0.0,-0.0
2,2,42,4,42.400000000000006,42.4,0.0,-0.0
2,2,42,5,42.400000000000006,42.4,0.0,-0.0
2,2,43,1,42.400000000000006,42.4,0.0,-0.0
2,2,43,2,42.400000000000006,42.4,0.0,-0.0
2,2,43,3,42.400000000000006,42.4,0.0,-0.0
2,2,43,4,42.400000000000006,42.4,0.0,-0.0
2,2,43,5,42.400000000000006,42.4,0.0,-0.0
2,2,44,1,42.400000000000006,42.4,0.0,-0.0
2,2,44,2,42.400000000000006,42.4,0.0,-0.0
2,2,44,3,42.400000000000006,42.4,0.0,-0.0
2,2,44,4,42.400000000000006,42.4,0.0,-0.0
2,2,44,5,42.400000000000006,42.4,0.0,-0.0
2,2,45,1,26.5,26.5,0.0,-0.0
2,2,45,2,26.5,26.5,0.0,-0.0
2,2,45,3,26.5,26.5,0.0,-0.0
2,2,45,4,26.5,26.5,0.0,-0.0
2,2,45,5,26.5,26.5,0.0,-0.0
2,2,46,1,26.5,26.5,0.0,-0.0
2,2,46,2,26.5,26.5,0.0,-0.0
2,2,46,3,26.5,26.5,0.0,-0.0
2,2,46,4,26.5,26.5,0.0,-0.0
2,2,46,5,26.5,26.5,0.0,-0.0
2,2,47,1,26.5,26.5,0.0,-0.0
2,2,47,2,26.5,26.5,0.0,-0.0
2,2,47,3,26.5,26.5,0.0,-0.0
2,2,47,4,26.5,26.5,0.0,-0.0
2,2,47,5,26.5,26.5,0.0,-0.0
2,2,48,1,26.5,26.5,0.0,-0.0
2,2,48,2,26.5,26.5,0.0,-0.0
2,2,48,3,26.5,26.5,0.0,-0.0
2,2,48,4,26.5,26.5,0.0,-0.0
2,2,48,5,26.5,26.5,0.0,-0.0
2,3,1,1,0.0,0.0,0.0,0.0
2,3,1,2,0.0,0.0,0.0,0.0
2,3,1,3,0.0,0.0,0.0,0.0
2,3,1,4,0.0,0.0,0.0,0.0
2,3,1,5,0.0,0.0,0.0,0.0
2,3,2,1,0.0,0.0,0.0,0.0
2,3,2,2,0.0,0.0,0.0,0.0
2,3,2,3,0.0,0.0,0.0,0.0
2,3,2,4,0.0,0.0,0.0,0.0
2,3,2,5,0.0,0.0,0.0,0.0
2,3,3,1,0.0,0.0,0.0,0.0
2,3,3,2,0.0,0.0,0.0,0.0
2,3,3,3,0.0,0.0,0.0,0.0
2,3,3,4,0.0,0.0,0.0,0.0
2,3,3,5,0.0,0.0,0.0,0.0
2,3,4,1,0.0,0.0,0.0,0.0
2,3,4,2,0.0,0.0,0.0,0.0
2,3,4,3,0.0,0.0,0.0,0.0
2,3,4,4,0.0,0.0,0.0,0.0
2,3,4,5,0.0,0.0,0.0,0.0
2,3,5,1,0.0,0.0,0.0,0.0
2,3,5,2,0.0,0.0,0.0,0.0
2,3,5,3,0.0,0.0,0.0,0.0
2,3,5,4,0.0,0.0,0.0,0.0
2,3,5,5,0.0,0.0,0.0,0.0
2,3,6,1,0.0,0.0,0.0,0.0
2,3,6,2,0.0,0.0,0.0,0.0
2,3,6,3,0.0,0.0,0.0,0.0
2,3,6,4,0.0,0.0,0.0,0.0
2,3,6,5,0.0,0.0,0.0,0.0
2,3,7,1,0.0,0.0,0.0,0.0
2,3,7,2,0.0,0.0,0.0,0.0
2,3,7,3,0.0,0.0,0.0,0.0
2,3,7,4,0.0,0.0,0.0,0.0
2,3,7,5,0.0,0.0,0.0,0.0
2,3,8,1,0.0,0.0,0.0,0.0
2,3,8,2,0.0,0.0,0.0,0.0
2,3,8,3,0.0,0.0,0.0,0.0
2,3,8,4,0.0,0.0,0.0,0.0
2,3,8,5,0.0,0.0,0.0,0.0
2,3,9,1,0.0,0.0,0.0,0.0
2,3,9,2,0.0,0.0,0.0,0.0
2,3,9,3,0.0,0.0,0.0,0.0
2,3,9,4,0.0,0.0,0.0,0.0
2,3,9,5,0.0,0.0,0.0,0.0
2,3,10,1,0.0,0.0,0.0,0.0
2,3,10,2,0.0,0.0,0.0,0.0
2,3,10,3,0.0,0.0,0.0,0.0
2,3,10,4,0.0,0.0,0.0,0.0
2,3,10,5,0.0,0.0,0.0,0.0
2,3,11,1,0.0,0.0,0.0,0.0
2,3,11,2,0.0,0.0,0.0,0.0
2,3,11,3,0.0,0.0,0.0,0.0
2,3,11,4,0.0,0.0,0.0,0.0
2,3,11,5,0.0,0.0,0.0,0.0
2,3,12,1,0.0,0.0,0.0,0.0
2,3,12,2,0.0,0.0,0.0,0.0
2,3,12,3,0.0,0.0,0.0,0.0
2,3,12,4,0.0,0.0,0.0,0.0
2,3,12,5,0.0,0.0,0.0,0.0
2,3,13,1,0.0,0.0,0.0,0.0
2,3,13,2,0.0,0.0,0.0,0.0
2,3,13,3,0.0,0.0,0.0,0.0
2,3,13,4,0.0,0.0,0.0,0.0
2,3,13,5,0.0,0.0,0.0,0.0
2,3,14,1,0.0,0.0,0.0,0.0
2,3,14,2,0.0,0.0,0.0,0.0
2,3,14,3,0.0,0.0,0.0,0.0
2,3,14,4,0.0,0.0,0.0,0.0
2,3,14,5,0.0,0.0,0.0,0.0
2,3,15,1,0.0,0.0,0.0,0.0
2,3,15,2,0.0,0.0,0.0,0.0
2,3,15,3,0.0,0.0,0.0,0.0
2,3,15,4,0.0,0.0,0.0,0.0
2,3,15,5,0.0,0.0,0.0,0.0
2,3,16,1,0.0,0.0,0.0,0.0
2,3,16,2,0.0,0.0,0.0,0.0
2,3,16,3,0.0,0.0,0.0,0.0
2,3,16,4,0.0,0.0,0.0,0.0
2,3,16,5,0.0,0.0,0.0,0.0
2,3,17,1,0.0,0.0,0.0,0.0
2,3,17,2,0.0,0.0,0.0,0.0
2,3,17,3,0.0,0.0,0.0,0.0
2,3,17,4,0.0,0.0,0.0,0.0
2,3,17,5,0.0,0.0,0.0,0.0
2,3,18,1,0.0,0.0,0.0,0.0
2,3,18,2,0.0,0.0,0.0,0.0
2,3,18,3,0.0,0.0,0.0,0.0
2,3,18,4,0.0,0.0,0.0,0.0
2,3,18,5,0.0,0.0,0.0,0.0
2,3,19,1,0.0,0.0,0.0,0.0
2,3,19,2,0.0,0.0,0.0,0.0
2,3,19,3,0.0,0.0,0.0,0.0
2,3,19,4,0.0,0.0,0.0,0.0
2,3,19,5,0.0,0.0,0.0,0.0
2,3,20,1,0.0,0.0,0.0,0.0
2,3,20,2,0.0,0.0,0.0,0.0
2,3,20,3,0.0,0.0,0.0,0.0
2,3,20,4,0.0,0.0,0.0,0.0
2,3,20,5,0.0,0.0,0.0,0.0
2,3,21,1,0.0,0.0,0.0,0.0
2,3,21,2,0.0,0.0,0.0,0.0
2,3,21,3,0.0,0.0,0.0,0.0
2,3,21,4,0.0,0.0,0.0,0.0
2,3,21,5,0.0,0.0,0.0,0.0
2,3,22,1,0.0,0.0,0.0,0.0
2,3,22,2,0.0,0.0,0.0,0.0
2,3,22,3,0.0,0.0,0.0,0.0
2,3,22,4,0.0,0.0,0.0,0.0
2,3,22,5,0.0,0.0,0.0,0.0
2,3,23,1,0.0,0.0,0.0,0.0
2,3,23,2,0.0,0.0,0.0,0.0
2,3,23,3,0.0,0.0,0.0,0.0
2,3,23,4,0.0,0.0,0.0,0.0
2,3,23,5,0.0,0.0,0.0,0.0
2,3,24,1,0.0,0.0,0.0,0.0
2,3,24,2,0.0,0.0,0.0,0.0
2,3,24,3,0.0,0.0,0.0,0.0
2,3,24,4,0.0,0.0,0.0,0.0
2,3,24,5,0.0,0.0,0.0,0.0
2,3,25,1,0.0,0.0,0.0,0.0
2,3,25,2,0.0,0.0,0.0,0.0
2,3,25,3,0.0,0.0,0.0,0.0
2,3,25,4,0.0,0.0,0.0,0.0
2,3,25,5,0.0,0.0,0.0,0.0
2,3,26,1,0.0,0.0,0.0,0.0
2,3,26,2,0.0,0.0,0.0,0.0
2,3,26,3,0.0,0.0,0.0,0.0
2,3,26,4,0.0,0.0,0.0,0.0
2,3,26,5,0.0,0.0,0.0,0.0
2,3,27,1,0.0,0.0,0.0,0.0
2,3,27,2,0.0,0.0,0.0,0.0
2,3,27,3,0.0,0.0,0.0,0.0
2,3,27,4,0.0,0.0,0.0,0.0
2,3,27,5,0.0,0.0,0.0,0.0
2,3,28,1,0.0,0.0,0.0,0.0
2,3,28,2,0.0,0.0,0.0,0.0
2,3,28,3,0.0,0.0,0.0,0.0
2,3,28,4,0.0,0.0,0.0,0.0
2,3,28,5,0.0,0.0,0.0,0.0
2,3,29,1,0.0,0.0,0.0,0.0
2,3,29,2,0.0,0.0,0.0,0.0
2,3,29,3,0.0,0.0,0.0,0.0
2,3,29,4,0.0,0.0,0.0,0.0
2,3,29,5,0.0,0.0,0.0,0.0
2,3,30,1,0.0,0.0,0.0,0.0
2,3,30,2,0.0,0.0,0.0,0.0
2,3,30,3,0.0,0.0,0.0,0.0
2,3,30,4,0.0,0.0,0.0,0.0
2,3,30,5,0.0,0.0,0.0,0.0
2,3,31,1,0.0,0.0,0.0,0.0
2,3,31,2,0.0,0.0,0.0,0.0
2,3,31,3,0.0,0.0,0.0,0.0
2,3,31,4,0.0,0.0,0.0,0.0
2,3,31,5,0.0,0.0,0.0,0.0
2,3,32,1,0.0,0.0,0.0,0.0
2,3,32,2,0.0,0.0,0.0,0.0
2,3,32,3,0.0,0.0,0.0,0.0
2,3,32,4,0.0,0.0,0.0,0.0
2,3,32,5,0.0,0.0,0.0,0.0
2,3,33,1,0.0,0.0,0.0,0.0
2,3,33,2,0.0,0.0,0.0,0.0
2,3,33,3,0.0,0.0,0.0,0.0
2,3,33,4,0.0,0.0,0.0,0.0
2,3,33,5,0.0,0.0,0.0,0.0
2,3,34,1,0.0,0.0,0.0,0.0
2,3,34,2,0.0,0.0,0.0,0.0
2,3,34,3,0.0,0.0,0.0,0.0
2,3,34,4,0.0,0.0,0.0,0.0
2,3,34,5,0.0,0.0,0.0,0.0
2,3,35,1,0.0,0.0,0.0,0.0
2,3,35,2,0.0,0.0,0.0,0.0
2,3,35,3,0.0,0.0,0.0,0.0
2,3,35,4,0.0,0.0,0.0,0.0
2,3,35,5,0.0,0.0,0.0,0.0
2,3,36,1,0.0,0.0,0.0,0.0
2,3,36,2,0.0,0.0,0.0,0.0
2,3,36,3,0.0,0.0,0.0,0.0
2,3,36,4,0.0,0.0,0.0,0.0
2,3,36,5,0.0,0.0,0.0,0.0
2,3,37,1,0.0,0.0,0.0,0.0
2,3,37,2,0.0,0.0,0.0,0.0
2,3,37,3,0.0,0.0,0.0,0.0
2,3,37,4,0.0,0.0,0.0,0.0
2,3,37,5,0.0,0.0,0.0,0.0
2,3,38,1,0.0,0.0,0.0,0.0
2,3,38,2,0.0,0.0,0.0,0.0
2,3,38,3,0.0,0.0,0.0,0.0
2,3,38,4,0.0,0.0,0.0,0.0
2,3,38,5,0.0,0.0,0.0,0.0
2,3,39,1,0.0,0.0,0.0,0.0
2,3,39,2,0.0,0.0,0.0,0.0
2,3,39,3,0.0,0.0,0.0,0.0
2,3,39,4,0.0,0.0,0.0,0.0
2,3,39,5,0.0,0.0,0.0,0.0
2,3,40,1,0.0,0.0,0.0,0.0
2,3,40,2,0.0,0.0,0.0,0.0
2,3,40,3,0.0,0.0,0.0,0.0
2,3,40,4,0.0,0.0,0.0,0.0
2,3,40,5,0.0,0.0,0.0,0.0
2,3,41,1,0.0,0.0,0.0,0.0
2,3,41,2,0.0,0.0,0.0,0.0
2,3,41,3,0.0,0.0,0.0,0.0
2,3,41,4,0.0,0.0,0.0,0.0
2,3,41,5,0.0,0.0,0.0,0.0
2,3,42,1,0.0,0.0,0.0,0.0
2,3,42,2,0.0,0.0,0.0,0.0
2,3,42,3,0.0,0.0,0.0,0.0
2,3,42,4,0.0,0.0,0.0,0.0
2,3,42,5,0.0,0.0,0.0,0.0
2,3,43,1,0.0,0.0,0.0,0.0
2,3,43,2,0.0,0.0,0.0,0.0
2,3,43,3,0.0,0.0,0.0,0.0
2,3,43,4,0.0,0.0,0.0,0.0
2,3,43,5,0.0,0.0,0.0,0.0
2,3,44,1,0.0,0.0,0.0,0.0
2,3,44,2,0.0,0.0,0.0,0.0
2,3,44,3,0.0,0.0,0.0,0.0
2,3,44,4,0.0,0.0,0.0,0.0
2,3,44,5,0.0,0.0,0.0,0.0
2,3,45,1,0.0,0.0,0.0,0.0
2,3,45,2,0.0,0.0,0.0,0.0
2,3,45,3,0.0,0.0,0.0,0.0
2,3,45,4,0.0,0.0,0.0,0.0
2,3,45,5,0.0,0.0,0.0,0.0
2,3,46,1,0.0,0.0,0.0,0.0
2,3,46,2,0.0,0.0,0.0,0.0
2,3,46,3,0.0,0.0,0.0,0.0
2,3,46,4,0.0,0.0,0.0,0.0
2,3,46,5,0.0,0.0,0.0,0.0
2,3,47,1,0.0,0.0,0.0,0.0
2,3,47,2,0.0,0.0,0.0,0.0
2,3,47,3,0.0,0.0,0.0,0.0
2,3,47,4,0.0,0.0,0.0,0.0
2,3,47,5,0.0,0.0,0.0,0.0
2,3,48,1,0.0,0.0,0.0,0.0
2,3,48,2,0.0,0.0,0.0,0.0
2,3,48,3,0.0,0.0,0.0,0.0
2,3,48,4,0.0,0.0,0.0,0.0
2,3,48,5,0.0,0.0,0.0,0.0
2,4,1,1,0.0,0.0,0.0,0.0
2,4,1,2,0.0,0.0,0.0,0.0
2,4,1,3,0.0,0.0,0.0,0.0
2,4,1,4,0.0,0.0,0.0,0.0
2,4,1,5,0.0,0.0,0.0,0.0
2,4,2,1,0.0,0.0,0.0,0.0
2,4,2,2,0.0,0.0,0.0,0.0
2,4,2,3,0.0,0.0,0.0,0.0
2,4,2,4,0.0,0.0,0.0,0.0
2,4,2,5,0.0,0.0,0.0,0.0
2,4,3,1,0.0,0.0,0.0,0.0
2,4,3,2,0.0,0.0,0.0,0.0
2,4,3,3,0.0,0.0,0.0,0.0
2,4,3,4,0.0,0.0,0.0,0.0
2,4,3,5,0.0,0.0,0.0,0.0
2,4,4,1,0.0,0.0,0.0,0.0
2,4,4,2,0.0,0.0,0.0,0.0
2,4,4,3,0.0,0.0,0.0,0.0
2,4,4,4,0.0,0.0,0.0,0.0
2,4,4,5,0.0,0.0,0.0,0.0
2,4,5,1,0.0,0.0,0.0,0.0
2,4,5,2,0.0,0.0,0.0,0.0
2,4,5,3,0.0,0.0,0.0,0.0
2,4,5,4,0.0,0.0,0.0,0.0
2,4,5,5,0.0,0.0,0.0,0.0
2,4,6,1,0.0,0.0,0.0,0.0
2,4,6,2,0.0,0.0,0.0,0.0
2,4,6,3,0.0,0.0,0.0,0.0
2,4,6,4,0.0,0.0,0.0,0.0
2,4,6,5,0.0,0.0,0.0,0.0
2,4,7,1,0.0,0.0,0.0,0.0
2,4,7,2,0.0,0.0,0.0,0.0
2,4,7,3,0.0,0.0,0.0,0.0
2,4,7,4,0.0,0.0,0.0,0.0
2,4,7,5,0.0,0.0,0.0,0.0
2,4,8,1,0.0,0.0,0.0,0.0
2,4,8,2,0.0,0.0,0.0,0.0
2,4,8,3,0.0,0.0,0.0,0.0
2,4,8,4,0.0,0.0,0.0,0.0
2,4,8,5,0.0,0.0,0.0,0.0
2,4,9,1,0.0,0.0,0.0,0.0
2,4,9,2,0.0,0.0,0.0,0.0
2,4,9,3,0.0,0.0,0.0,0.0
2,4,9,4,0.0,0.0,0.0,0.0
2,4,9,5,0.0,0.0,0.0,0.0
2,4,10,1,0.0,0.0,0.0,0.0
2,4,10,2,0.0,0.0,0.0,0.0
2,4,10,3,0.0,0.0,0.0,0.0
2,4,10,4,0.0,0.0,0.0,0.0
2,4,10,5,0.0,0.0,0.0,0.0
2,4,11,1,0.0,0.0,0.0,0.0
2,4,11,2,0.0,0.0,0.0,0.0
2,4,11,3,0.0,0.0,0.0,0.0
2,4,11,4,0.0,0.0,0.0,0.0
2,4,11,5,0.0,0.0,0.0,0.0
2,4,12,1,0.0,0.0,0.0,0.0
2,4,12,2,0.0,0.0,0.0,0.0
2,4,12,3,0.0,0.0,0.0,0.0
2,4,12,4,0.0,0.0,0.0,0.0
2,4,12,5,0.0,0.0,0.0,0.0
2,4,13,1,0.0,0.0,0.0,0.0
2,4,13,2,0.0,0.0,0.0,0.0
2,4,13,3,0.0,0.0,0.0,0.0
2,4,13,4,0.0,0.0,0.0,0.0
2,4,13,5,0.0,0.0,0.0,0.0
2,4,14,1,0.0,0.0,0.0,0.0
2,4,14,2,0.0,0.0,0.0,0.0
2,4,14,3,0.0,0.0,0.0,0.0
2,4,14,4,0.0,0.0,0.0,0.0
2,4,14,5,0.0,0.0,0.0,0.0
2,4,15,1,0.0,0.0,0.0,0.0
2,4,15,2,0.0,0.0,0.0,0.0
2,4,15,3,0.0,0.0,0.0,0.0
2,4,15,4,0.0,0.0,0.0,0.0
2,4,15,5,0.0,0.0,0.0,0.0
2,4,16,1,0.0,0.0,0.0,0.0
2,4,16,2,0.0,0.0,0.0,0.0
2,4,16,3,0.0,0.0,0.0,0.0
2,4,16,4,0.0,0.0,0.0,0.0
2,4,16,5,0.0,0.0,0.0,0.0
2,4,17,1,0.0,0.0,0.0,0.0
2,4,17,2,0.0,0.0,0.0,0.0
2,4,17,3,0.0,0.0,0.0,0.0
2,4,17,4,0.0,0.0,0.0,0.0
2,4,17,5,0.0,0.0,0.0,0.0
2,4,18,1,0.0,0.0,0.0,0.0
2,4,18,2,0.0,0.0,0.0,0.0
2,4,18,3,0.0,0.0,0.0,0.0
2,4,18,4,0.0,0.0,0.0,0.0
2,4,18,5,0.0,0.0,0.0,0.0
2,4,19,1,0.0,0.0,0.0,0.0
2,4,19,2,0.0,0.0,0.0,0.0
2,4,19,3,0.0,0.0,0.0,0.0
2,4,19,4,0.0,0.0,0.0,0.0
2,4,19,5,0.0,0.0,0.0,0.0
2,4,20,1,0.0,0.0,0.0,0.0
2,4,20,2,0.0,0.0,0.0,0.0
2,4,20,3,0.0,0.0,0.0,0.0
2,4,20,4,0.0,0.0,0.0,0.0
2,4,20,5,0.0,0.0,0.0,0.0
2,4,21,1,0.0,0.0,0.0,0.0
2,4,21,2,0.0,0.0,0.0,0.0
2,4,21,3,0.0,0.0,0.0,0.0
2,4,21,4,0.0,0.0,0.0,0.0
2,4,21,5,0.0,0.0,0.0,0.0
2,4,22,1,0.0,0.0,0.0,0.0
2,4,22,2,0.0,0.0,0.0,0.0
2,4,22,3,0.0,0.0,0.0,0.0
2,4,22,4,0.0,0.0,0.0,0.0
2,4,22,5,0.0,0.0,0.0,0.0
2,4,23,1,0.0,0.0,0.0,0.0
2,4,23,2,0.0,0.0,0.0,0.0
2,4,23,3,0.0,0.0,0.0,0.0
2,4,23,4,0.0,0.0,0.0,0.0
2,4,23,5,0.0,0.0,0.0,0.0
2,4,24,1,0.0,0.0,0.0,0.0
2,4,24,2,0.0,0.0,0.0,0.0
2,4,24,3,0.0,0.0,0.0,0.0
2,4,24,4,0.0,0.0,0.0,0.0
2,4,24,5,0.0,0.0,0.0,0.0
2,4,25,1,0.0,0.0,0.0,0.0
2,4,25,2,0.0,0.0,0.0,0.0
2,4,25,3,0.0,0.0,0.0,0.0
2,4,25,4,0.0,0.0,0.0,0.0
2,4,25,5,0.0,0.0,0.0,0.0
2,4,26,1,0.0,0.0,0.0,0.0
2,4,26,2,0.0,0.0,0.0,0.0
2,4,26,3,0.0,0.0,0.0,0.0
2,4,26,4,0.0,0.0,0.0,0.0
2,4,26,5,0.0,0.0,0.0,0.0
2,4,27,1,0.0,0.0,0.0,0.0
2,4,27,2,0.0,0.0,0.0,0.0
2,4,27,3,0.0,0.0,0.0,0.0
2,4,27,4,0.0,0.0,0.0,0.0
2,4,27,5,0.0,0.0,0.0,0.0
2,4,28,1,0.0,0.0,0.0,0.0
2,4,28,2,0.0,0.0,0.0,0.0
2,4,28,3,0.0,0.0,0.0,0.0
2,4,28,4,0.0,0.0,0.0,0.0
2,4,28,5,0.0,0.0,0.0,0.0
2,4,29,1,0.0,0.0,0.0,0.0
2,4,29,2,0.0,0.0,0.0,0.0
2,4,29,3,0.0,0.0,0.0,0.0
2,4,29,4,0.0,0.0,0.0,0.0
2,4,29,5,0.0,0.0,0.0,0.0
2,4,30,1,0.0,0.0,0.0,0.0
2,4,30,2,0.0,0.0,0.0,0.0
2,4,30,3,0.0,0.0,0.0,0.0
2,4,30,4,0.0,0.0,0.0,0.0
2,4,30,5,0.0,0.0,0.0,0.0
2,4,31,1,0.0,0.0,0.0,0.0
2,4,31,2,0.0,0.0,0.0,0.0
2,4,31,3,0.0,0.0,0.0,0.0
2,4,31,4,0.0,0.0,0.0,0.0
2,4,31,5,0.0,0.0,0.0,0.0
2,4,32,1,0.0,0.0,0.0,0.0
2,4,32,2,0.0,0.0,0.0,0.0
2,4,32,3,0.0,0.0,0.0,0.0
2,4,32,4,0.0,0.0,0.0,0.0
2,4,32,5,0.0,0.0,0.0,0.0
2,4,33,1,0.0,0.0,0.0,0.0
2,4,33,2,0.0,0.0,0.0,0.0
2,4,33,3,0.0,0.0,0.0,0.0
2,4,33,4,0.0,0.0,0.0,0.0
2,4,33,5,0.0,0.0,0.0,0.0
2,4,34,1,0.0,0.0,0.0,0.0
2,4,34,2,0.0,0.0,0.0,0.0
2,4,34,3,0.0,0.0,0.0,0.0
2,4,34,4,0.0,0.0,0.0,0.0
2,4,34,5,0.0,0.0,0.0,0.0
2,4,35,1,0.0,0.0,0.0,0.0
2,4,35,2,0.0,0.0,0.0,0.0
2,4,35,3,0.0,0.0,0.0,0.0
2,4,35,4,0.0,0.0,0.0,0.0
2,4,35,5,0.0,0.0,0.0,0.0
2,4,36,1,0.0,0.0,0.0,0.0
2,4,36,2,0.0,0.0,0.0,0.0
2,4,36,3,0.0,0.0,0.0,0.0
2,4,36,4,0.0,0.0,0.0,0.0
2,4,36,5,0.0,0.0,0.0,0.0
2,4,37,1,0.0,0.0,0.0,0.0
2,4,37,2,0.0,0.0,0.0,0.0
2,4,37,3,0.0,0.0,0.0,0.0
2,4,37,4,0.0,0.0,0.0,0.0
2,4,37,5,0.0,0.0,0.0,0.0
2,4,38,1,0.0,0.0,0.0,0.0
2,4,38,2,0.0,0.0,0.0,0.0
2,4,38,3,0.0,0.0,0.0,0.0
2,4,38,4,0.0,0.0,0.0,0.0
2,4,38,5,0.0,0.0,0.0,0.0
2,4,39,1,0.0,0.0,0.0,0.0
2,4,39,2,0.0,0.0,0.0,0.0
2,4,39,3,0.0,0.0,0.0,0.0
2,4,39,4,0.0,0.0,0.0,0.0
2,4,39,5,0.0,0.0,0.0,0.0
2,4,40,1,0.0,0.0,0.0,0.0
2,4,40,2,0.0,0.0,0.0,0.0
2,4,40,3,0.0,0.0,0.0,0.0
2,4,40,4,0.0,0.0,0.0,0.0
2,4,40,5,0.0,0.0,0.0,0.0
2,4,41,1,0.0,0.0,0.0,0.0
2,4,41,2,0.0,0.0,0.0,0.0
2,4,41,3,0.0,0.0,0.0,0.0
2,4,41,4,0.0,0.0,0.0,0.0
2,4,41,5,0.0,0.0,0.0,0.0
2,4,42,1,0.0,0.0,0.0,0.0
2,4,42,2,0.0,0.0,0.0,0.0
2,4,42,3,0.0,0.0,0.0,0.0
2,4,42,4,0.0,0.0,0.0,0.0
2,4,42,5,0.0,0.0,0.0,0.0
2,4,43,1,0.0,0.0,0.0,0.0
2,4,43,2,0.0,0.0,0.0,0.0
2,4,43,3,0.0,0.0,0.0,0.0
2,4,43,4,0.0,0.0,0.0,0.0
2,4,43,5,0.0,0.0,0.0,0.0
2,4,44,1,0.0,0.0,0.0,0.0
2,4,44,2,0.0,0.0,0.0,0.0
2,4,44,3,0.0,0.0,0.0,0.0
2,4,44,4,0.0,0.0,0.0,0.0
2,4,44,5,0.0,0.0,0.0,0.0
2,4,45,1,0.0,0.0,0.0,0.0
2,4,45,2,0.0,0.0,0.0,0.0
2,4,45,3,0.0,0.0,0.0,0.0
2,4,45,4,0.0,0.0,0.0,0.0
2,4,45,5,0.0,0.0,0.0,0.0
2,4,46,1,0.0,0.0,0.0,0.0
2,4,46,2,0.0,0.0,0.0,0.0
2,4,46,3,0.0,0.0,0.0,0.0
2,4,46,4,0.0,0.0,0.0,0.0
2,4,46,5,0.0,0.0,0.0,0.0
2,4,47,1,0.0,0.0,0.0,0.0
2,4,47,2,0.0,0.0,0.0,0.0
2,4,47,3,0.0,0.0,0.0,0.0
2,4,47,4,0.0,0.0,0.0,0.0
2,4,47,5,0.0,0.0,0.0,0.0
2,4,48,1,0.0,0.0,0.0,0.0
2,4,48,2,0.0,0.0,0.0,0.0
2,4,48,3,0.0,0.0,0.0,0.0
2,4,48,4,0.0,0.0,0.0,0.0
2,4,48,5,0.0,0.0,0.0,0.0
3,1,1,1,0.0,0.0,0.0,0.0
3,1,1,2,0.0,0.0,0.0,0.0
3,1,1,3,0.0,0.0,0.0,0.0
3,1,1,4,0.0,0.0,0.0,0.0
3,1,1,5,0.0,0.0,0.0,0.0
3,1,2,1,0.0,0.0,0.0,0.0
3,1,2,2,0.0,0.0,0.0,0.0
3,1,2,3,0.0,0.0,0.0,0.0
3,1,2,4,0.0,0.0,0.0,0.0
3,1,2,5,0.0,0.0,0.0,0.0
3,1,3,1,0.0,0.0,0.0,0.0
3,1,3,2,0.0,0.0,0.0,0.0
3,1,3,3,0.0,0.0,0.0,0.0
3,1,3,4,0.0,0.0,0.0,0.0
3,1,3,5,0.0,0.0,0.0,0.0
3,1,4,1,0.0,0.0,0.0,0.0
3,1,4,2,0.0,0.0,0.0,0.0
3,1,4,3,0.0,0.0,0.0,0.0
3,1,4,4,0.0,0.0,0.0,0.0
3,1,4,5,0.0,0.0,0.0,0.0
3,1,5,1,0.0,0.0,0.0,0.0
3,1,5,2,0.0,0.0,0.0,0.0
3,1,5,3,0.0,0.0,0.0,0.0
3,1,5,4,0.0,0.0,0.0,0.0
3,1,5,5,0.0,0.0,0.0,0.0
3,1,6,1,0.0,0.0,0.0,0.0
3,1,6,2,0.0,0.0,0.0,0.0
3,1,6,3,0.0,0.0,0.0,0.0
3,1,6,4,0.0,0.0,0.0,0.0
3,1,6,5,0.0,0.0,0.0,0.0
3,1,7,1,0.0,0.0,0.0,0.0
3,1,7,2,0.0,0.0,0.0,0.0
3,1,7,3,0.0,0.0,0.0,0.0
3,1,7,4,0.0,0.0,0.0,0.0
3,1,7,5,0.0,0.0,0.0,0.0
3,1,8,1,0.0,0.0,0.0,0.0
3,1,8,2,0.0,0.0,0.0,0.0
3,1,8,3,0.0,0.0,0.0,0.0
3,1,8,4,0.0,0.0,0.0,0.0
3,1,8,5,0.0,0.0,0.0,0.0
3,1,9,1,0.0,0.0,0.0,0.0
3,1,9,2,0.0,0.0,0.0,0.0
3,1,9,3,0.0,0.0,0.0,0.0
3,1,9,4,0.0,0.0,0.0,0.0
3,1,9,5,0.0,0.0,0.0,0.0
3,1,10,1,0.0,0.0,0.0,0.0
3,1,10,2,0.0,0.0,0.0,0.0
3,1,10,3,0.0,0.0,0.0,0.0
3,1,10,4,0.0,0.0,0.0,0.0
3,1,10,5,0.0,0.0,0.0,0.0
3,1,11,1,0.0,0.0,0.0,0.0
3,1,11,2,0.0,0.0,0.0,0.0
3,1,11,3,0.0,0.0,0.0,0.0
3,1,11,4,0.0,0.0,0.0,0.0
3,1,11,5,0.0,0.0,0.0,0.0
3,1,12,1,0.0,0.0,0.0,0.0
3,1,12,2,0.0,0.0,0.0,0.0
3,1,12,3,0.0,0.0,0.0,0.0
3,1,12,4,0.0,0.0,0.0,0.0
3,1,12,5,0.0,0.0,0.0,0.0
3,1,13,1,0.0,0.0,0.0,0.0
3,1,13,2,0.0,0.0,0.0,0.0
3,1,13,3,0.0,0.0,0.0,0.0
3,1,13,4,0.0,0.0,0.0,0.0
3,1,13,5,0.0,0.0,0.0,0.0
3,1,14,1,0.0,0.0,0.0,0.0
3,1,14,2,0.0,0.0,0.0,0.0
3,1,14,3,0.0,0.0,0.0,0.0
3,1,14,4,0.0,0.0,0.0,0.0
3,1,14,5,0.0,0.0,0.0,0.0
3,1,15,1,0.0,0.0,0.0,0.0
3,1,15,2,0.0,0.0,0.0,0.0
3,1,15,3,0.0,0.0,0.0,0.0
3,1,15,4,0.0,0.0,0.0,0.0
3,1,15,5,0.0,0.0,0.0,0.0
3,1,16,1,0.0,0.0,0.0,0.0
3,1,16,2,0.0,0.0,0.0,0.0
3,1,16,3,0.0,0.0,0.0,0.0
3,1,16,4,0.0,0.0,0.0,0.0
3,1,16,5,0.0,0.0,0.0,0.0
3,1,17,1,0.0,0.0,0.0,0.0
3,1,17,2,0.0,0.0,0.0,0.0
3,1,17,3,0.0,0.0,0.0,0.0
3,1,17,4,0.0,0.0,0.0,0.0
3,1,17,5,0.0,0.0,0.0,0.0
3,1,18,1,0.0,0.0,0.0,0.0
3,1,18,2,0.0,0.0,0.0,0.0
3,1,18,3,0.0,0.0,0.0,0.0
3,1,18,4,0.0,0.0,0.0,0.0
3,1,18,5,0.0,0.0,0.0,0.0
3,1,19,1,0.0,0.0,0.0,0.0
3,1,19,2,0.0,0.0,0.0,0.0
3,1,19,3,0.0,0.0,0.0,0.0
3,1,19,4,0.0,0.0,0.0,0.0
3,1,19,5,0.0,0.0,0.0,0.0
3,1,20,1,0.0,0.0,0.0,0.0
3,1,20,2,0.0,0.0,0.0,0.0
3,1,20,3,0.0,0.0,0.0,0.0
3,1,20,4,0.0,0.0,0.0,0.0
3,1,20,5,0.0,0.0,0.0,0.0
3,1,21,1,0.0,0.0,0.0,0.0
3,1,21,2,0.0,0.0,0.0,0.0
3,1,21,3,0.0,0.0,0.0,0.0
3,1,21,4,0.0,0.0,0.0,0.0
3,1,21,5,0.0,0.0,0.0,0.0
3,1,22,1,0.0,0.0,0.0,0.0
3,1,22,2,0.0,0.0,0.0,0.0
3,1,22,3,0.0,0.0,0.0,0.0
3,1,22,4,0.0,0.0,0.0,0.0
3,1,22,5,0.0,0.0,0.0,0.0
3,1,23,1,0.0,0.0,0.0,0.0
3,1,23,2,0.0,0.0,0.0,0.0
3,1,23,3,0.0,0.0,0.0,0.0
3,1,23,4,0.0,0.0,0.0,0.0
3,1,23,5,0.0,0.0,0.0,0.0
3,1,24,1,0.0,0.0,0.0,0.0
3,1,24,2,0.0,0.0,0.0,0.0
3,1,24,3,0.0,0.0,0.0,0.0
3,1,24,4,0.0,0.0,0.0,0.0
3,1,24,5,0.0,0.0,0.0,0.0
3,1,25,1,0.0,0.0,0.0,0.0
3,1,25,2,0.0,0.0,0.0,0.0
3,1,25,3,0.0,0.0,0.0,0.0
3,1,25,4,0.0,0.0,0.0,0.0
3,1,25,5,0.0,0.0,0.0,0.0
3,1,26,1,0.0,0.0,0.0,0.0
3,1,26,2,0.0,0.0,0.0,0.0
3,1,26,3,0.0,0.0,0.0,0.0
3,1,26,4,0.0,0.0,0.0,0.0
3,1,26,5,0.0,0.0,0.0,0.0
3,1,27,1,0.0,0.0,0.0,0.0
3,1,27,2,0.0,0.0,0.0,0.0
3,1,27,3,0.0,0.0,0.0,0.0
3,1,27,4,0.0,0.0,0.0,0.0
3,1,27,5,0.0,0.0,0.0,0.0
3,1,28,1,0.0,0.0,0.0,0.0
3,1,28,2,0.0,0.0,0.0,0.0
3,1,28,3,0.0,0.0,0.0,0.0
3,1,28,4,0.0,0.0,0.0,0.0
3,1,28,5,0.0,0.0,0.0,0.0
3,1,29,1,0.0,0.0,0.0,0.0
3,1,29,2,0.0,0.0,0.0,0.0
3,1,29,3,0.0,0.0,0.0,0.0
3,1,29,4,0.0,0.0,0.0,0.0
3,1,29,5,0.0,0.0,0.0,0.0
3,1,30,1,0.0,0.0,0.0,0.0
3,1,30,2,0.0,0.0,0.0,0.0
3,1,30,3,0.0,0.0,0.0,0.0
3,1,30,4,0.0,0.0,0.0,0.0
3,1,30,5,0.0,0.0,0.0,0.0
3,1,31,1,0.0,0.0,0.0,0.0
3,1,31,2,0.0,0.0,0.0,0.0
3,1,31,3,0.0,0.0,0.0,0.0
3,1,31,4,0.0,0.0,0.0,0.0
3,1,31,5,0.0,0.0,0.0,0.0
3,1,32,1,0.0,0.0,0.0,0.0
3,1,32,2,0.0,0.0,0.0,0.0
3,1,32,3,0.0,0.0,0.0,0.0
3,1,32,4,0.0,0.0,0.0,0.0
3,1,32,5,0.0,0.0,0.0,0.0
3,1,33,1,0.0,0.0,0.0,0.0
3,1,33,2,0.0,0.0,0.0,0.0
3,1,33,3,0.0,0.0,0.0,0.0
3,1,33,4,0.0,0.0,0.0,0.0
3,1,33,5,0.0,0.0,0.0,0.0
3,1,34,1,0.0,0.0,0.0,0.0
3,1,34,2,0.0,0.0,0.0,0.0
3,1,34,3,0.0,0.0,0.0,0.0
3,1,34,4,0.0,0.0,0.0,0.0
3,1,34,5,0.0,0.0,0.0,0.0
3,1,35,1,0.0,0.0,0.0,0.0
3,1,35,2,0.0,0.0,0.0,0.0
3,1,35,3,0.0,0.0,0.0,0.0
3,1,35,4,0.0,0.0,0.0,0.0
3,1,35,5,0.0,0.0,0.0,0.0
3,1,36,1,0.0,0.0,0.0,0.0
3,1,36,2,0.0,0.0,0.0,0.0
3,1,36,3,0.0,0.0,0.0,0.0
3,1,36,4,0.0,0.0,0.0,0.0
3,1,36,5,0.0,0.0,0.0,0.0
3,1,37,1,0.0,0.0,0.0,0.0
3,1,37,2,0.0,0.0,0.0,0.0
3,1,37,3,0.0,0.0,0.0,0.0
3,1,37,4,0.0,0.0,0.0,0.0
3,1,37,5,0.0,0.0,0.0,0.0
3,1,38,1,0.0,0.0,0.0,0.0
3,1,38,2,0.0,0.0,0.0,0.0
3,1,38,3,0.0,0.0,0.0,0.0
3,1,38,4,0.0,0.0,0.0,0.0
3,1,38,5,0.0,0.0,0.0,0.0
3,1,39,1,0.0,0.0,0.0,0.0
3,1,39,2,0.0,0.0,0.0,0.0
3,1,39,3,0.0,0.0,0.0,0.0
3,1,39,4,0.0,0.0,0.0,0.0
3,1,39,5,0.0,0.0,0.0,0.0
3,1,40,1,0.0,0.0,0.0,0.0
3,1,40,2,0.0,0.0,0.0,0.0
3,1,40,3,0.0,0.0,0.0,0.0
3,1,40,4,0.0,0.0,0.0,0.0
3,1,40,5,0.0,0.0,0.0,0.0
3,1,41,1,0.0,0.0,0.0,0.0
3,1,41,2,0.0,0.0,0.0,0.0
3,1,41,3,0.0,0.0,0.0,0.0
3,1,41,4,0.0,0.0,0.0,0.0
3,1,41,5,0.0,0.0,0.0,0.0
3,1,42,1,0.0,0.0,0.0,0.0
3,1,42,2,0.0,0.0,0.0,0.0
3,1,42,3,0.0,0.0,0.0,0.0
3,1,42,4,0.0,0.0,0.0,0.0
3,1,42,5,0.0,0.0,0.0,0.0
3,1,43,1,0.0,0.0,0.0,0.0
3,1,43,2,0.0,0.0,0.0,0.0
3,1,43,3,0.0,0.0,0.0,0.0
3,1,43,4,0.0,0.0,0.0,0.0
3,1,43,5,0.0,0.0,0.0,0.0
3,1,44,1,0.0,0.0,0.0,0.0
3,1,44,2,0.0,0.0,0.0,0.0
3,1,44,3,0.0,0.0,0.0,0.0
3,1,44,4,0.0,0.0,0.0,0.0
3,1,44,5,0.0,0.0,0.0,0.0
3,1,45,1,0.0,0.0,0.0,0.0
3,1,45,2,0.0,0.0,0.0,0.0
3,1,45,3,0.0,0.0,0.0,0.0
3,1,45,4,0.0,0.0,0.0,0.0
3,1,45,5,0.0,0.0,0.0,0.0
3,1,46,1,0.0,0.0,0.0,0.0
3,1,46,2,0.0,0.0,0.0,0.0
3,1,46,3,0.0,0.0,0.0,0.0
3,1,46,4,0.0,0.0,0.0,0.0
3,1,46,5,0.0,0.0,0.0,0.0
3,1,47,1,0.0,0.0,0.0,0.0
3,1,47,2,0.0,0.0,0.0,0.0
3,1,47,3,0.0,0.0,0.0,0.0
3,1,47,4,0.0,0.0,0.0,0.0
3,1,47,5,0.0,0.0,0.0,0.0
3,1,48,1,0.0,0.0,0.0,0.0
3,1,48,2,0.0,0.0,0.0,0.0
3,1,48,3,0.0,0.0,0.0,0.0
3,1,48,4,0.0,0.0,0.0,0.0
3,1,48,5,0.0,0.0,0.0,0.0
3,2,1,1,0.0,0.0,0.0,0.0
3,2,1,2,0.0,0.0,0.0,0.0
3,2,1,3,0.0,0.0,0.0,0.0
3,2,1,4,0.0,0.0,0.0,0.0
3,2,1,5,0.0,0.0,0.0,0.0
3,2,2,1,0.0,0.0,0.0,0.0
3,2,2,2,0.0,0.0,0.0,0.0
3,2,2,3,0.0,0.0,0.0,0.0
3,2,2,4,0.0,0.0,0.0,0.0
3,2,2,5,0.0,0.0,0.0,0.0
3,2,3,1,0.0,0.0,0.0,0.0
3,2,3,2,0.0,0.0,0.0,0.0
3,2,3,3,0.0,0.0,0.0,0.0
3,2,3,4,0.0,0.0,0.0,0.0
3,2,3,5,0.0,0.0,0.0,0.0
3,2,4,1,0.0,0.0,0.0,0.0
3,2,4,2,0.0,0.0,0.0,0.0
3,2,4,3,0.0,0.0,0.0,0.0
3,2,4,4,0.0,0.0,0.0,0.0
3,2,4,5,0.0,0.0,0.0,0.0
3,2,5,1,0.0,0.0,0.0,0.0
3,2,5,2,0.0,0.0,0.0,0.0
3,2,5,3,0.0,0.0,0.0,0.0
3,2,5,4,0.0,0.0,0.0,0.0
3,2,5,5,0.0,0.0,0.0,0.0
3,2,6,1,0.0,0.0,0.0,0.0
3,2,6,2,0.0,0.0,0.0,0.0
3,2,6,3,0.0,0.0,0.0,0.0
3,2,6,4,0.0,0.0,0.0,0.0
3,2,6,5,0.0,0.0,0.0,0.0
3,2,7,1,0.0,0.0,0.0,0.0
3,2,7,2,0.0,0.0,0.0,0.0
3,2,7,3,0.0,0.0,0.0,0.0
3,2,7,4,0.0,0.0,0.0,0.0
3,2,7,5,0.0,0.0,0.0,0.0
3,2,8,1,0.0,0.0,0.0,0.0
3,2,8,2,0.0,0.0,0.0,0.0
3,2,8,3,0.0,0.0,0.0,0.0
3,2,8,4,0.0,0.0,0.0,0.0
3,2,8,5,0.0,0.0,0.0,0.0
3,2,9,1,0.0,0.0,0.0,0.0
3,2,9,2,0.0,0.0,0.0,0.0
3,2,9,3,0.0,0.0,0.0,0.0
3,2,9,4,0.0,0.0,0.0,0.0
3,2,9,5,0.0,0.0,0.0,0.0
3,2,10,1,0.0,0.0,0.0,0.0
3,2,10,2,0.0,0.0,0.0,0.0
3,2,10,3,0.0,0.0,0.0,0.0
3,2,10,4,0.0,0.0,0.0,0.0
3,2,10,5,0.0,0.0,0.0,0.0
3,2,11,1,0.0,0.0,0.0,0.0
3,2,11,2,0.0,0.0,0.0,0.0
3,2,11,3,0.0,0.0,0.0,0.0
3,2,11,4,0.0,0.0,0.0,0.0
3,2,11,5,0.0,0.0,0.0,0.0
3,2,12,1,0.0,0.0,0.0,0.0
3,2,12,2,0.0,0.0,0.0,0.0
3,2,12,3,0.0,0.0,0.0,0.0
3,2,12,4,0.0,0.0,0.0,0.0
3,2,12,5,0.0,0.0,0.0,0.0
3,2,13,1,0.0,0.0,0.0,0.0
3,2,13,2,0.0,0.0,0.0,0.0
3,2,13,3,0.0,0.0,0.0,0.0
3,2,13,4,0.0,0.0,0.0,0.0
3,2,13,5,0.0,0.0,0.0,0.0
3,2,14,1,0.0,0.0,0.0,0.0
3,2,14,2,0.0,0.0,0.0,0.0
3,2,14,3,0.0,0.0,0.0,0.0
3,2,14,4,0.0,0.0,0.0,0.0
3,2,14,5,0.0,0.0,0.0,0.0
3,2,15,1,0.0,0.0,0.0,0.0
3,2,15,2,0.0,0.0,0.0,0.0
3,2,15,3,0.0,0.0,0.0,0.0
3,2,15,4,0.0,0.0,0.0,0.0
3,2,15,5,0.0,0.0,0.0,0.0
3,2,16,1,0.0,0.0,0.0,0.0
3,2,16,2,0.0,0.0,0.0,0.0
3,2,16,3,0.0,0.0,0.0,0.0
3,2,16,4,0.0,0.0,0.0,0.0
3,2,16,5,0.0,0.0,0.0,0.0
3,2,17,1,0.0,0.0,0.0,0.0
3,2,17,2,0.0,0.0,0.0,0.0
3,2,17,3,0.0,0.0,0.0,0.0
3,2,17,4,0.0,0.0,0.0,0.0
3,2,17,5,0.0,0.0,0.0,0.0
3,2,18,1,0.0,0.0,0.0,0.0
3,2,18,2,0.0,0.0,0.0,0.0
3,2,18,3,0.0,0.0,0.0,0.0
3,2,18,4,0.0,0.0,0.0,0.0
3,2,18,5,0.0,0.0,0.0,0.0
3,2,19,1,0.0,0.0,0.0,0.0
3,2,19,2,0.0,0.0,0.0,0.0
3,2,19,3,0.0,0.0,0.0,0.0
3,2,19,4,0.0,0.0,0.0,0.0
3,2,19,5,0.0,0.0,0.0,0.0
3,2,20,1,0.0,0.0,0.0,0.0
3,2,20,2,0.0,0.0,0.0,0.0
3,2,20,3,0.0,0.0,0.0,0.0
3,2,20,4,0.0,0.0,0.0,0.0
3,2,20,5,0.0,0.0,0.0,0.0
3,2,21,1,0.0,0.0,0.0,0.0
3,2,21,2,0.0,0.0,0.0,0.0
3,2,21,3,0.0,0.0,0.0,0.0
3,2,21,4,0.0,0.0,0.0,0.0
3,2,21,5,0.0,0.0,0.0,0.0
3,2,22,1,0.0,0.0,0.0,0.0
3,2,22,2,0.0,0.0,0.0,0.0
3,2,22,3,0.0,0.0,0.0,0.0
3,2,22,4,0.0,0.0,0.0,0.0
3,2,22,5,0.0,0.0,0.0,0.0
3,2,23,1,0.0,0.0,0.0,0.0
3,2,23,2,0.0,0.0,0.0,0.0
3,2,23,3,0.0,0.0,0.0,0.0
3,2,23,4,0.0,0.0,0.0,0.0
3,2,23,5,0.0,0.0,0.0,0.0
3,2,24,1,0.0,0.0,0.0,0.0
3,2,24,2,0.0,0.0,0.0,0.0
3,2,24,3,0.0,0.0,0.0,0.0
3,2,24,4,0.0,0.0,0.0,0.0
3,2,24,5,0.0,0.0,0.0,0.0
3,2,25,1,0.0,0.0,0.0,0.0
3,2,25,2,0.0,0.0,0.0,0.0
3,2,25,3,0.0,0.0,0.0,0.0
3,2,25,4,0.0,0.0,0.0,0.0
3,2,25,5,0.0,0.0,0.0,0.0
3,2,26,1,0.0,0.0,0.0,0.0
3,2,26,2,0.0,0.0,0.0,0.0
3,2,26,3,0.0,0.0,0.0,0.0
3,2,26,4,0.0,0.0,0.0,0.0
3,2,26,5,0.0,0.0,0.0,0.0
3,2,27,1,0.0,0.0,0.0,0.0
3,2,27,2,0.0,0.0,0.0,0.0
3,2,27,3,0.0,0.0,0.0,0.0
3,2,27,4,0.0,0.0,0.0,0.0
3,2,27,5,0.0,0.0,0.0,0.0
3,2,28,1,0.0,0.0,0.0,0.0
3,2,28,2,0.0,0.0,0.0,0.0
3,2,28,3,0.0,0.0,0.0,0.0
3,2,28,4,0.0,0.0,0.0,0.0
3,2,28,5,0.0,0.0,0.0,0.0
3,2,29,1,0.0,0.0,0.0,0.0
3,2,29,2,0.0,0.0,0.0,0.0
3,2,29,3,0.0,0.0,0.0,0.0
3,2,29,4,0.0,0.0,0.0,0.0
3,2,29,5,0.0,0.0,0.0,0.0
3,2,30,1,0.0,0.0,0.0,0.0
3,2,30,2,0.0,0.0,0.0,0.0
3,2,30,3,0.0,0.0,0.0,0.0
3,2,30,4,0.0,0.0,0.0,0.0
3,2,30,5,0.0,0.0,0.0,0.0
3,2,31,1,0.0,0.0,0.0,0.0
3,2,31,2,0.0,0.0,0.0,0.0
3,2,31,3,0.0,0.0,0.0,0.0
3,2,31,4,0.0,0.0,0.0,0.0
3,2,31,5,0.0,0.0,0.0,0.0
3,2,32,1,0.0,0.0,0.0,0.0
3,2,32,2,0.0,0.0,0.0,0.0
3,2,32,3,0.0,0.0,0.0,0.0
3,2,32,4,0.0,0.0,0.0,0.0
3,2,32,5,0.0,0.0,0.0,0.0
3,2,33,1,0.0,0.0,0.0,0.0
3,2,33,2,0.0,0.0,0.0,0.0
3,2,33,3,0.0,0.0,0.0,0.0
3,2,33,4,0.0,0.0,0.0,0.0
3,2,33,5,0.0,0.0,0.0,0.0
3,2,34,1,0.0,0.0,0.0,0.0
3,2,34,2,0.0,0.0,0.0,0.0
3,2,34,3,0.0,0.0,0.0,0.0
3,2,34,4,0.0,0.0,0.0,0.0
3,2,34,5,0.0,0.0,0.0,0.0
3,2,35,1,0.0,0.0,0.0,0.0
3,2,35,2,0.0,0.0,0.0,0.0
3,2,35,3,0.0,0.0,0.0,0.0
3,2,35,4,0.0,0.0,0.0,0.0
3,2,35,5,0.0,0.0,0.0,0.0
3,2,36,1,0.0,0.0,0.0,0.0
3,2,36,2,0.0,0.0,0.0,0.0
3,2,36,3,0.0,0.0,0.0,0.0
3,2,36,4,0.0,0.0,0.0,0.0
3,2,36,5,0.0,0.0,0.0,0.0
3,2,37,1,0.0,0.0,0.0,0.0
3,2,37,2,0.0,0.0,0.0,0.0
3,2,37,3,0.0,0.0,0.0,0.0
3,2,37,4,0.0,0.0,0.0,0.0
3,2,37,5,0.0,0.0,0.0,0.0
3,2,38,1,0.0,0.0,0.0,0.0
3,2,38,2,0.0,0.0,0.0,0.0
3,2,38,3,0.0,0.0,0.0,0.0
3,2,38,4,0.0,0.0,0.0,0.0
3,2,38,5,0.0,0.0,0.0,0.0
3,2,39,1,0.0,0.0,0.0,0.0
3,2,39,2,0.0,0.0,0.0,0.0
3,2,39,3,0.0,0.0,0.0,0.0
3,2,39,4,0.0,0.0,0.0,0.0
3,2,39,5,0.0,0.0,0.0,0.0
3,2,40,1,0.0,0.0,0.0,0.0
3,2,40,2,0.0,0.0,0.0,0.0
3,2,40,3,0.0,0.0,0.0,0.0
3,2,40,4,0.0,0.0,0.0,0.0
3,2,40,5,0.0,0.0,0.0,0.0
3,2,41,1,0.0,0.0,0.0,0.0
3,2,41,2,0.0,0.0,0.0,0.0
3,2,41,3,0.0,0.0,0.0,0.0
3,2,41,4,0.0,0.0,0.0,0.0
3,2,41,5,0.0,0.0,0.0,0.0
3,2,42,1,0.0,0.0,0.0,0.0
3,2,42,2,0.0,0.0,0.0,0.0
3,2,42,3,0.0,0.0,0.0,0.0
3,2,42,4,0.0,0.0,0.0,0.0
3,2,42,5,0.0,0.0,0.0,0.0
3,2,43,1,0.0,0.0,0.0,0.0
3,2,43,2,0.0,0.0,0.0,0.0
3,2,43,3,0.0,0.0,0.0,0.0
3,2,43,4,0.0,0.0,0.0,0.0
3,2,43,5,0.0,0.0,0.0,0.0
3,2,44,1,0.0,0.0,0.0,0.0
3,2,44,2,0.0,0.0,0.0,0.0
3,2,44,3,0.0,0.0,0.0,0.0
3,2,44,4,0.0,0.0,0.0,0.0
3,2,44,5,0.0,0.0,0.0,0.0
3,2,45,1,0.0,0.0,0.0,0.0
3,2,45,2,0.0,0.0,0.0,0.0
3,2,45,3,0.0,0.0,0.0,0.0
3,2,45,4,0.0,0.0,0.0,0.0
3,2,45,5,0.0,0.0,0.0,0.0
3,2,46,1,0.0,0.0,0.0,0.0
3,2,46,2,0.0,0.0,0.0,0.0
3,2,46,3,0.0,0.0,0.0,0.0
3,2,46,4,0.0,0.0,0.0,0.0
3,2,46,5,0.0,0.0,0.0,0.0
3,2,47,1,0.0,0.0,0.0,0.0
3,2,47,2,0.0,0.0,0.0,0.0
3,2,47,3,0.0,0.0,0.0,0.0
3,2,47,4,0.0,0.0,0.0,0.0
3,2,47,5,0.0,0.0,0.0,0.0
3,2,48,1,0.0,0.0,0.0,0.0
3,2,48,2,0.0,0.0,0.0,0.0
3,2,48,3,0.0,0.0,0.0,0.0
3,2,48,4,0.0,0.0,0.0,0.0
3,2,48,5,0.0,0.0,0.0,0.0
3,3,1,1,0.0,67.34408692008554,0.0,0.0
3,3,1,2,0.0,56.52952392507376,0.0,0.0
3,3,1,3,0.0,38.774869754505644,0.0,0.0
3,3,1,4,0.0,51.02971989931923,0.0,0.0
3,3,1,5,0.0,48.02845731170767,0.0,0.0
3,3,2,1,0.0,66.59445991836552,0.0,0.0
3,3,2,2,0.0,55.59582384202237,0.0,0.0
3,3,2,3,0.0,49.59374962087327,0.0,0.0
3,3,2,4,0.0,50.0954992814729,0.0,0.0
3,3,2,5,0.0,47.59505731170766,0.0,0.0
3,3,3,1,0.0,60.93578441308419,0.0,0.0
3,3,3,2,0.0,50.43572729363015,0.0,0.0
3,3,3,3,0.0,0.0,0.0,0.0
3,3,3,4,0.0,44.93539761876306,0.0,0.0
3,3,3,5,0.0,42.43657442271795,0.0,0.0
3,3,4,1,0.0,69.14016780227422,0.0,0.0
3,3,4,2,0.0,59.140251906348965,0.0,0.0
3,3,4,3,0.0,0.0,0.0,0.0
3,3,4,4,0.0,53.63989761876351,0.0,0.0
3,3,4,5,0.0,51.14107442271772,0.0,0.0
3,3,5,1,0.0,146.57031207752533,0.0,0.0
3,3,5,2,0.0,136.57269170236776,0.0,0.0
3,3,5,3,0.0,40.47014440536677,0.0,0.0
3,3,5,4,0.0,131.07176599278313,0.0,0.0
3,3,5,5,0.0,128.5712761935792,0.0,0.0
3,3,6,1,0.0,139.73150995451053,0.0,0.0
3,3,6,2,0.0,129.7333785003304,0.0,0.0
3,3,6,3,0.0,57.440511553263065,0.0,0.0
3,3,6,4,0.0,124.23310711103859,0.0,0.0
3,3,6,5,0.0,121.73249042811241,0.0,0.0
3,3,7,1,0.0,157.51436845777627,0.0,0.0
3,3,7,2,0.0,147.51388865134345,0.0,0.0
3,3,7,3,0.0,51.915095783745215,0.0,0.0
3,3,7,4,0.0,142.5152071110386,0.0,0.0
3,3,7,5,0.0,140.0145904281124,0.0,0.0
3,3,8,1,0.0,208.1727441524864,0.0,0.0
3,3,8,2,0.0,198.67230547031895,0.0,0.0
3,3,8,3,0.0,107.50615421625605,0.0,0.0
3,3,8,4,0.0,193.17272251406712,0.0,0.0
3,3,8,5,0.0,190.67330757993074,0.0,0.0
3,3,9,1,0.0,249.48441892676493,0.0,0.0
3,3,9,2,0.0,239.98451089163865,0.0,0.0
3,3,9,3,0.0,175.84285714285716,0.0,0.0
3,3,9,4,0.0,234.98422251406714,0.0,0.0
3,3,9,5,0.0,232.48480757993067,0.0,0.0
3,3,10,1,0.0,250.4,0.0,0.0
3,3,10,2,0.0,250.4,0.0,0.0
3,3,10,3,0.0,250.4,0.0,0.0
3,3,10,4,0.0,250.4,0.0,0.0
3,3,10,5,0.0,250.4,0.0,0.0
3,3,11,1,0.0,179.96874817254414,0.0,0.0
3,3,11,2,0.0,170.47012338054174,0.0,0.0
3,3,11,3,0.0,166.96952820846036,0.0,0.0
3,3,11,4,0.0,165.46915731170745,0.0,0.0
3,3,11,5,0.0,156.58210315237494,0.0,0.0
3,3,12,1,0.0,250.4,0.0,0.0
3,3,12,2,0.0,250.4,0.0,0.0
3,3,12,3,0.0,250.4,0.0,0.0
3,3,12,4,0.0,250.4,0.0,0.0
3,3,12,5,0.0,250.4,0.0,0.0
3,3,13,1,0.0,250.4,0.0,0.0
3,3,13,2,0.0,250.4,0.0,0.0
3,3,13,3,0.0,250.4,0.0,0.0
3,3,13,4,0.0,250.4,0.0,0.0
3,3,13,5,0.0,250.4,0.0,0.0
3,3,14,1,0.0,245.63494659173136,0.0,0.0
3,3,14,2,0.0,236.13601134217004,0.0,0.0
3,3,14,3,0.0,205.2903387999171,0.0,0.0
3,3,14,4,0.0,205.2904,0.0,0.0
3,3,14,5,0.0,205.29039999999998,0.0,0.0
3,3,15,1,0.0,250.4,0.0,0.0
3,3,15,2,0.0,250.4,0.0,0.0
3,3,15,3,0.0,230.03716462499997,0.0,0.0
3,3,15,4,0.0,230.03719999999998,0.0,0.0
3,3,15,5,0.0,230.03719999999998,0.0,0.0
3,3,16,1,0.0,250.4,0.0,0.0
3,3,16,2,0.0,250.4,0.0,0.0
3,3,16,3,0.0,250.4,0.0,0.0
3,3,16,4,0.0,250.4,0.0,0.0
3,3,16,5,0.0,250.4,0.0,0.0
3,3,17,1,0.0,250.4,0.0,0.0
3,3,17,2,0.0,250.4,0.0,0.0
3,3,17,3,0.0,250.4,0.0,0.0
3,3,17,4,0.0,250.4,0.0,0.0
3,3,17,5,0.0,250.4,0.0,0.0
3,3,18,1,0.0,250.4,0.0,0.0
3,3,18,2,0.0,250.4,0.0,0.0
3,3,18,3,0.0,237.6955316230343,0.0,0.0
3,3,18,4,0.0,242.01779467945892,0.0,0.0
3,3,18,5,0.0,250.4,0.0,0.0
3,3,19,1,0.0,250.4,0.0,0.0
3,3,19,2,0.0,250.4,0.0,0.0
3,3,19,3,0.0,250.4,0.0,0.0
3,3,19,4,0.0,250.4,0.0,0.0
3,3,19,5,0.0,250.4,0.0,0.0
3,3,20,1,0.0,250.4,0.0,0.0
3,3,20,2,0.0,250.4,0.0,0.0
3,3,20,3,0.0,250.4,0.0,0.0
3,3,20,4,0.0,250.4,0.0,0.0
3,3,20,5,0.0,250.4,0.0,0.0
3,3,21,1,0.0,250.4,0.0,0.0
3,3,21,2,0.0,250.4,0.0,0.0
3,3,21,3,0.0,204.46117528571432,0.0,0.0
3,3,21,4,0.0,204.4612000000018,0.0,0.0
3,3,21,5,0.0,170.78010711103863,0.0,0.0
3,3,22,1,0.0,250.4,0.0,0.0
3,3,22,2,0.0,250.4,0.0,0.0
3,3,22,3,0.0,250.4,0.0,0.0
3,3,22,4,0.0,250.4,0.0,0.0
3,3,22,5,0.0,250.4,0.0,0.0
3,3,23,1,0.0,250.4,0.0,0.0
3,3,23,2,0.0,250.4,0.0,0.0
3,3,23,3,0.0,250.4,0.0,0.0
3,3,23,4,0.0,250.4,0.0,0.0
3,3,23,5,0.0,250.4,0.0,0.0
3,3,24,1,0.0,229.2195511668146,0.0,0.0
3,3,24,2,0.0,220.22125741576394,0.0,0.0
3,3,24,3,0.0,128.11907136038175,0.0,0.0
3,3,24,4,0.0,180.7345000000002,0.0,0.0
3,3,24,5,0.0,180.7345000000002,0.0,0.0
3,3,25,1,0.0,163.42026723824276,0.0,0.0
3,3,25,2,0.0,154.42197348719247,0.0,0.0
3,3,25,3,0.0,95.69664812158521,0.0,0.0
3,3,25,4,0.0,132.0519,0.0,0.0
3,3,25,5,0.0,71.53480000000002,0.0,0.0
3,3,26,1,0.0,120.33239254254882,0.0,0.0
3,3,26,2,0.0,111.83413991576343,0.0,0.0
3,3,26,3,0.0,48.43,0.0,0.0
3,3,26,4,0.0,101.52500000000028,0.0,0.0
3,3,26,5,0.0,53.05185904369795,0.0,0.0
3,3,27,1,0.0,128.6593145425488,0.0,0.0
3,3,27,2,0.0,119.66042041725287,0.0,0.0
3,3,27,3,0.0,74.38125,0.0,0.0
3,3,27,4,0.0,101.50130000000014,0.0,0.0
3,3,27,5,0.0,48.43,0.0,0.0
3,3,28,1,0.0,149.2233455425488,0.0,0.0
3,3,28,2,0.0,140.22445141725285,0.0,0.0
3,3,28,3,0.0,49.12445141725308,0.0,0.0
3,3,28,4,0.0,107.05500000000134,0.0,0.0
3,3,28,5,0.0,48.43,0.0,0.0
3,3,29,1,0.0,134.61707468540595,0.0,0.0
3,3,29,2,0.0,125.61818056011012,0.0,0.0
3,3,29,3,0.0,37.830000000000005,0.0,0.0
3,3,29,4,0.0,95.06290000000135,0.0,0.0
3,3,29,5,0.0,37.830000000000005,0.0,0.0
3,3,30,1,0.0,139.08552108314507,0.0,0.0
3,3,30,2,0.0,130.58664841725295,0.0,0.0
3,3,30,3,0.0,39.98728991576409,0.0,0.0
3,3,30,4,0.0,96.40880000000027,0.0,0.0
3,3,30,5,0.0,37.830000000000005,0.0,0.0
3,3,31,1,0.0,243.68154608314507,0.0,0.0
3,3,31,2,0.0,145.18267341725303,0.0,0.0
3,3,31,3,0.0,55.081159790928545,0.0,0.0
3,3,31,4,0.0,52.08248339328443,0.0,0.0
3,3,31,5,0.0,51.08173288602719,0.0,0.0
3,3,32,1,0.0,250.4,0.0,0.0
3,3,32,2,0.0,116.43044015171239,0.0,0.0
3,3,32,3,0.0,74.40789479092851,0.0,0.0
3,3,32,4,0.0,93.75576201861085,0.0,0.0
3,3,32,5,0.0,70.90788097293354,0.0,0.0
3,3,33,1,3.5,135.92658951171646,0.0,-0.0
3,3,33,2,3.5,127.42771684582434,0.0,-0.0
3,3,33,3,3.5,103.21768485713778,0.0,-0.0
3,3,33,4,3.5,116.61322480121402,0.0,-0.0
3,3,33,5,3.5,33.82628097293353,0.0,-0.0
3,3,34,1,3.5,112.92332595686688,0.0,-0.0
3,3,34,2,3.5,104.9244434172529,0.0,-0.0
3,3,34,3,3.5,83.00500000000008,0.0,-0.0
3,3,34,4,3.5,83.00500000000025,0.0,-0.0
3,3,34,5,3.5,29.879999999999995,0.0,-0.0
3,3,35,1,3.5,85.90150577817687,0.0,-0.0
3,3,35,2,3.5,78.50952266725369,0.0,-0.0
3,3,35,3,3.5,78.28320073792867,0.0,-0.0
3,3,35,4,3.5,76.50928339328516,0.0,-0.0
3,3,35,5,3.5,29.880000000000706,0.0,-0.0
3,3,36,1,3.5,70.34504643775779,0.0,-0.0
3,3,36,2,3.5,62.34529811038209,0.0,-0.0
3,3,36,3,3.5,63.34748416576414,0.0,-0.0
3,3,36,4,3.5,60.345280972933296,0.0,-0.0
3,3,36,5,3.5,29.879999999999995,0.0,-0.0
3,3,37,1,7.0,60.047335759186396,0.0,-0.0
3,3,37,2,7.0,51.54809661944728,0.0,-0.0
3,3,37,3,7.0,53.04977348719255,0.0,-0.0
3,3,37,4,7.0,50.04758097293376,0.0,-0.0
3,3,37,5,7.0,37.63249999999999,0.0,-0.0
3,3,38,1,7.0,61.823898090717464,0.0,-0.0
3,3,38,2,7.0,35.272152999999975,0.0,-0.0
3,3,38,3,7.0,54.82535341725358,0.0,-0.0
3,3,38,4,7.0,51.82453288602724,0.0,-0.0
3,3,38,5,7.0,47.37219999999999,0.0,-0.0
3,3,39,1,7.0,59.0371642278856,0.0,-0.0
3,3,39,2,7.0,38.233872000000574,0.0,-0.0
3,3,39,3,7.0,52.03699636038132,0.0,-0.0
3,3,39,4,7.0,49.537632886027325,0.0,-0.0
3,3,39,5,7.0,46.58512007282387,0.0,-0.0
3,3,40,1,7.0,54.51920904102053,0.0,-0.0
3,3,40,2,7.0,40.553835999999976,0.0,-0.0
3,3,40,3,7.0,48.01908386038167,0.0,-0.0
3,3,40,4,7.0,45.021219899319036,0.0,-0.0
3,3,40,5,7.0,40.55380000000001,0.0,-0.0
3,3,41,1,7.0,60.39514656410296,0.0,-0.0
3,3,41,2,7.0,52.166126999999975,0.0,-0.0
3,3,41,3,7.0,53.895882333732985,0.0,-0.0
3,3,41,4,7.0,50.896699281472976,0.0,-0.0
3,3,41,5,7.0,51.39751989931898,0.0,-0.0
3,3,42,1,7.0,58.82972036334229,0.0,-0.0
3,3,42,2,7.0,19.504619193052704,0.0,-0.0
3,3,42,3,7.0,52.331589736293694,0.0,-0.0
3,3,42,4,7.0,49.831099281472646,0.0,-0.0
3,3,42,5,7.0,49.83109928147276,0.0,-0.0
3,3,43,1,7.0,54.00291785238413,0.0,-0.0
3,3,43,2,7.0,47.00276668721972,0.0,-0.0
3,3,43,3,7.0,48.00454687915108,0.0,-0.0
3,3,43,4,7.0,45.00239761876283,0.0,-0.0
3,3,43,5,7.0,45.50409928147265,0.0,-0.0
3,3,44,1,7.0,56.10332159252768,0.0,-0.0
3,3,44,2,7.0,48.60372234045691,0.0,-0.0
3,3,44,3,7.0,49.604472847714234,0.0,-0.0
3,3,44,4,7.0,47.10279761876282,0.0,-0.0
3,3,44,5,7.0,47.10279761876282,0.0,-0.0
3,3,45,1,0.0,69.15957226059851,0.0,0.0
3,3,45,2,0.0,0.0,0.0,0.0
3,3,45,3,0.0,63.161153482956195,0.0,0.0
3,3,45,4,0.0,60.16096599278312,0.0,0.0
3,3,45,5,0.0,60.16096599278379,0.0,0.0
3,3,46,1,0.0,62.47726478762682,0.0,0.0
3,3,46,2,0.0,55.47721343809438,0.0,0.0
3,3,46,3,0.0,56.47507451170887,0.0,0.0
3,3,46,4,0.0,53.47630711103858,0.0,0.0
3,3,46,5,0.0,53.97626599278381,0.0,0.0
3,3,47,1,0.0,64.36175084179132,0.0,0.0
3,3,47,2,0.0,11.94537110807537,0.0,0.0
3,3,47,3,0.0,58.3607324962754,0.0,0.0
3,3,47,4,0.0,55.8615071110394,0.0,0.0
3,3,47,5,0.0,55.86150711103926,0.0,0.0
3,3,48,1,0.0,60.943330221082164,0.0,0.0
3,3,48,2,0.0,0.0,0.0,0.0
3,3,48,3,0.0,54.94531223006243,0.0,0.0
3,3,48,4,0.0,52.44362251406797,0.0,0.0
3,3,48,5,0.0,52.44362251406781,0.0,0.0
3,4,1,1,0.0,0.0,0.0,0.0
3,4,1,2,0.0,0.0,0.0,0.0
3,4,1,3,0.0,0.0,0.0,0.0
3,4,1,4,0.0,0.0,0.0,0.0
3,4,1,5,0.0,0.0,0.0,0.0
3,4,2,1,0.0,0.0,0.0,0.0
3,4,2,2,0.0,0.0,0.0,0.0
3,4,2,3,0.0,0.0,0.0,0.0
3,4,2,4,0.0,0.0,0.0,0.0
3,4,2,5,0.0,0.0,0.0,0.0
3,4,3,1,0.0,0.0,0.0,0.0
3,4,3,2,0.0,0.0,0.0,0.0
3,4,3,3,0.0,0.0,0.0,0.0
3,4,3,4,0.0,0.0,0.0,0.0
3,4,3,5,0.0,0.0,0.0,0.0
3,4,4,1,0.0,0.0,0.0,0.0
3,4,4,2,0.0,0.0,0.0,0.0
3,4,4,3,0.0,0.0,0.0,0.0
3,4,4,4,0.0,0.0,0.0,0.0
3,4,4,5,0.0,0.0,0.0,0.0
3,4,5,1,0.0,0.0,0.0,0.0
3,4,5,2,0.0,0.0,0.0,0.0
3,4,5,3,0.0,0.0,0.0,0.0
3,4,5,4,0.0,0.0,0.0,0.0
3,4,5,5,0.0,0.0,0.0,0.0
3,4,6,1,0.0,0.0,0.0,0.0
3,4,6,2,0.0,0.0,0.0,0.0
3,4,6,3,0.0,0.0,0.0,0.0
3,4,6,4,0.0,0.0,0.0,0.0
3,4,6,5,0.0,0.0,0.0,0.0
3,4,7,1,0.0,0.0,0.0,0.0
3,4,7,2,0.0,0.0,0.0,0.0
3,4,7,3,0.0,0.0,0.0,0.0
3,4,7,4,0.0,0.0,0.0,0.0
3,4,7,5,0.0,0.0,0.0,0.0
3,4,8,1,0.0,0.0,0.0,0.0
3,4,8,2,0.0,0.0,0.0,0.0
3,4,8,3,0.0,0.0,0.0,0.0
3,4,8,4,0.0,0.0,0.0,0.0
3,4,8,5,0.0,0.0,0.0,0.0
3,4,9,1,0.0,0.0,0.0,0.0
3,4,9,2,0.0,0.0,0.0,0.0
3,4,9,3,0.0,0.0,0.0,0.0
3,4,9,4,0.0,0.0,0.0,0.0
3,4,9,5,0.0,0.0,0.0,0.0
3,4,10,1,0.0,0.0,0.0,0.0
3,4,10,2,0.0,0.0,0.0,0.0
3,4,10,3,0.0,0.0,0.0,0.0
3,4,10,4,0.0,0.0,0.0,0.0
3,4,10,5,0.0,0.0,0.0,0.0
3,4,11,1,0.0,0.0,0.0,0.0
3,4,11,2,0.0,0.0,0.0,0.0
3,4,11,3,0.0,0.0,0.0,0.0
3,4,11,4,0.0,0.0,0.0,0.0
3,4,11,5,0.0,0.0,0.0,0.0
3,4,12,1,0.0,0.0,0.0,0.0
3,4,12,2,0.0,0.0,0.0,0.0
3,4,12,3,0.0,0.0,0.0,0.0
3,4,12,4,0.0,0.0,0.0,0.0
3,4,12,5,0.0,0.0,0.0,0.0
3,4,13,1,0.0,0.0,0.0,0.0
3,4,13,2,0.0,0.0,0.0,0.0
3,4,13,3,0.0,0.0,0.0,0.0
3,4,13,4,0.0,0.0,0.0,0.0
3,4,13,5,0.0,0.0,0.0,0.0
3,4,14,1,0.0,0.0,0.0,0.0
3,4,14,2,0.0,0.0,0.0,0.0
3,4,14,3,0.0,0.0,0.0,0.0
3,4,14,4,0.0,0.0,0.0,0.0
3,4,14,5,0.0,0.0,0.0,0.0
3,4,15,1,0.0,0.0,0.0,0.0
3,4,15,2,0.0,0.0,0.0,0.0
3,4,15,3,0.0,0.0,0.0,0.0
3,4,15,4,0.0,0.0,0.0,0.0
3,4,15,5,0.0,0.0,0.0,0.0
3,4,16,1,0.0,0.0,0.0,0.0
3,4,16,2,0.0,0.0,0.0,0.0
3,4,16,3,0.0,0.0,0.0,0.0
3,4,16,4,0.0,0.0,0.0,0.0
3,4,16,5,0.0,0.0,0.0,0.0
3,4,17,1,0.0,0.0,0.0,0.0
3,4,17,2,0.0,0.0,0.0,0.0
3,4,17,3,0.0,0.0,0.0,0.0
3,4,17,4,0.0,0.0,0.0,0.0
3,4,17,5,0.0,0.0,0.0,0.0
3,4,18,1,0.0,0.0,0.0,0.0
3,4,18,2,0.0,0.0,0.0,0.0
3,4,18,3,0.0,0.0,0.0,0.0
3,4,18,4,0.0,0.0,0.0,0.0
3,4,18,5,0.0,0.0,0.0,0.0
3,4,19,1,0.0,0.0,0.0,0.0
3,4,19,2,0.0,0.0,0.0,0.0
3,4,19,3,0.0,0.0,0.0,0.0
3,4,19,4,0.0,0.0,0.0,0.0
3,4,19,5,0.0,0.0,0.0,0.0
3,4,20,1,0.0,0.0,0.0,0.0
3,4,20,2,0.0,0.0,0.0,0.0
3,4,20,3,0.0,0.0,0.0,0.0
3,4,20,4,0.0,0.0,0.0,0.0
3,4,20,5,0.0,0.0,0.0,0.0
3,4,21,1,0.0,0.0,0.0,0.0
3,4,21,2,0.0,0.0,0.0,0.0
3,4,21,3,0.0,0.0,0.0,0.0
3,4,21,4,0.0,0.0,0.0,0.0
3,4,21,5,0.0,0.0,0.0,0.0
3,4,22,1,0.0,0.0,0.0,0.0
3,4,22,2,0.0,0.0,0.0,0.0
3,4,22,3,0.0,0.0,0.0,0.0
3,4,22,4,0.0,0.0,0.0,0.0
3,4,22,5,0.0,0.0,0.0,0.0
3,4,23,1,0.0,0.0,0.0,0.0
3,4,23,2,0.0,0.0,0.0,0.0
3,4,23,3,0.0,0.0,0.0,0.0
3,4,23,4,0.0,0.0,0.0,0.0
3,4,23,5,0.0,0.0,0.0,0.0
3,4,24,1,0.0,0.0,0.0,0.0
3,4,24,2,0.0,0.0,0.0,0.0
3,4,24,3,0.0,0.0,0.0,0.0
3,4,24,4,0.0,0.0,0.0,0.0
3,4,24,5,0.0,0.0,0.0,0.0
3,4,25,1,0.0,0.0,0.0,0.0
3,4,25,2,0.0,0.0,0.0,0.0
3,4,25,3,0.0,0.0,0.0,0.0
3,4,25,4,0.0,0.0,0.0,0.0
3,4,25,5,0.0,0.0,0.0,0.0
3,4,26,1,0.0,0.0,0.0,0.0
3,4,26,2,0.0,0.0,0.0,0.0
3,4,26,3,0.0,0.0,0.0,0.0
3,4,26,4,0.0,0.0,0.0,0.0
3,4,26,5,0.0,0.0,0.0,0.0
3,4,27,1,0.0,0.0,0.0,0.0
3,4,27,2,0.0,0.0,0.0,0.0
3,4,27,3,0.0,0.0,0.0,0.0
3,4,27,4,0.0,0.0,0.0,0.0
3,4,27,5,0.0,0.0,0.0,0.0
3,4,28,1,0.0,0.0,0.0,0.0
3,4,28,2,0.0,0.0,0.0,0.0
3,4,28,3,0.0,0.0,0.0,0.0
3,4,28,4,0.0,0.0,0.0,0.0
3,4,28,5,0.0,0.0,0.0,0.0
3,4,29,1,0.0,0.0,0.0,0.0
3,4,29,2,0.0,0.0,0.0,0.0
3,4,29,3,0.0,0.0,0.0,0.0
3,4,29,4,0.0,0.0,0.0,0.0
3,4,29,5,0.0,0.0,0.0,0.0
3,4,30,1,0.0,0.0,0.0,0.0
3,4,30,2,0.0,0.0,0.0,0.0
3,4,30,3,0.0,0.0,0.0,0.0
3,4,30,4,0.0,0.0,0.0,0.0
3,4,30,5,0.0,0.0,0.0,0.0
3,4,31,1,0.0,0.0,0.0,0.0
3,4,31,2,0.0,0.0,0.0,0.0
3,4,31,3,0.0,0.0,0.0,0.0
3,4,31,4,0.0,0.0,0.0,0.0
3,4,31,5,0.0,0.0,0.0,0.0
3,4,32,1,0.0,0.0,0.0,0.0
3,4,32,2,0.0,0.0,0.0,0.0
3,4,32,3,0.0,0.0,0.0,0.0
3,4,32,4,0.0,0.0,0.0,0.0
3,4,32,5,0.0,0.0,0.0,0.0
3,4,33,1,0.0,0.0,0.0,0.0
3,4,33,2,0.0,0.0,0.0,0.0
3,4,33,3,0.0,0.0,0.0,0.0
3,4,33,4,0.0,0.0,0.0,0.0
3,4,33,5,0.0,0.0,0.0,0.0
3,4,34,1,0.0,0.0,0.0,0.0
3,4,34,2,0.0,0.0,0.0,0.0
3,4,34,3,0.0,0.0,0.0,0.0
3,4,34,4,0.0,0.0,0.0,0.0
3,4,34,5,0.0,0.0,0.0,0.0
3,4,35,1,0.0,0.0,0.0,0.0
3,4,35,2,0.0,0.0,0.0,0.0
3,4,35,3,0.0,0.0,0.0,0.0
3,4,35,4,0.0,0.0,0.0,0.0
3,4,35,5,0.0,0.0,0.0,0.0
3,4,36,1,0.0,0.0,0.0,0.0
3,4,36,2,0.0,0.0,0.0,0.0
3,4,36,3,0.0,0.0,0.0,0.0
3,4,36,4,0.0,0.0,0.0,0.0
3,4,36,5,0.0,0.0,0.0,0.0
3,4,37,1,0.0,0.0,0.0,0.0
3,4,37,2,0.0,0.0,0.0,0.0
3,4,37,3,0.0,0.0,0.0,0.0
3,4,37,4,0.0,0.0,0.0,0.0
3,4,37,5,0.0,0.0,0.0,0.0
3,4,38,1,0.0,0.0,0.0,0.0
3,4,38,2,0.0,0.0,0.0,0.0
3,4,38,3,0.0,0.0,0.0,0.0
3,4,38,4,0.0,0.0,0.0,0.0
3,4,38,5,0.0,0.0,0.0,0.0
3,4,39,1,0.0,0.0,0.0,0.0
3,4,39,2,0.0,0.0,0.0,0.0
3,4,39,3,0.0,0.0,0.0,0.0
3,4,39,4,0.0,0.0,0.0,0.0
3,4,39,5,0.0,0.0,0.0,0.0
3,4,40,1,0.0,0.0,0.0,0.0
3,4,40,2,0.0,0.0,0.0,0.0
3,4,40,3,0.0,0.0,0.0,0.0
3,4,40,4,0.0,0.0,0.0,0.0
3,4,40,5,0.0,0.0,0.0,0.0
3,4,41,1,0.0,0.0,0.0,0.0
3,4,41,2,0.0,0.0,0.0,0.0
3,4,41,3,0.0,0.0,0.0,0.0
3,4,41,4,0.0,0.0,0.0,0.0
3,4,41,5,0.0,0.0,0.0,0.0
3,4,42,1,0.0,0.0,0.0,0.0
3,4,42,2,0.0,0.0,0.0,0.0
3,4,42,3,0.0,0.0,0.0,0.0
3,4,42,4,0.0,0.0,0.0,0.0
3,4,42,5,0.0,0.0,0.0,0.0
3,4,43,1,0.0,0.0,0.0,0.0
3,4,43,2,0.0,0.0,0.0,0.0
3,4,43,3,0.0,0.0,0.0,0.0
3,4,43,4,0.0,0.0,0.0,0.0
3,4,43,5,0.0,0.0,0.0,0.0
3,4,44,1,0.0,0.0,0.0,0.0
3,4,44,2,0.0,0.0,0.0,0.0
3,4,44,3,0.0,0.0,0.0,0.0
3,4,44,4,0.0,0.0,0.0,0.0
3,4,44,5,0.0,0.0,0.0,0.0
3,4,45,1,0.0,0.0,0.0,0.0
3,4,45,2,0.0,0.0,0.0,0.0
3,4,45,3,0.0,0.0,0.0,0.0
3,4,45,4,0.0,0.0,0.0,0.0
3,4,45,5,0.0,0.0,0.0,0.0
3,4,46,1,0.0,0.0,0.0,0.0
3,4,46,2,0.0,0.0,0.0,0.0
3,4,46,3,0.0,0.0,0.0,0.0
3,4,46,4,0.0,0.0,0.0,0.0
3,4,46,5,0.0,0.0,0.0,0.0
3,4,47,1,0.0,0.0,0.0,0.0
3,4,47,2,0.0,0.0,0.0,0.0
3,4,47,3,0.0,0.0,0.0,0.0
3,4,47,4,0.0,0.0,0.0,0.0
3,4,47,5,0.0,0.0,0.0,0.0
3,4,48,1,0.0,0.0,0.0,0.0
3,4,48,2,0.0,0.0,0.0,0.0
3,4,48,3,0.0,0.0,0.0,0.0
3,4,48,4,0.0,0.0,0.0,0.0
3,4,48,5,0.0,0.0,0.0,0.0
